# ************************************************************
# Sequel Pro SQL dump
# Version 4096
#
# http://www.sequelpro.com/
# http://code.google.com/p/sequel-pro/
#
# Host: 127.0.0.1 (MySQL 5.5.37)
# Database: 191grp11
# Generation Time: 2014-10-20 20:54:54 +0000
# ************************************************************


/*!40101 SET @OLD_CHARACTER_SET_CLIENT=@@CHARACTER_SET_CLIENT */;
/*!40101 SET @OLD_CHARACTER_SET_RESULTS=@@CHARACTER_SET_RESULTS */;
/*!40101 SET @OLD_COLLATION_CONNECTION=@@COLLATION_CONNECTION */;
/*!40101 SET NAMES utf8 */;
/*!40014 SET @OLD_FOREIGN_KEY_CHECKS=@@FOREIGN_KEY_CHECKS, FOREIGN_KEY_CHECKS=0 */;
/*!40101 SET @OLD_SQL_MODE=@@SQL_MODE, SQL_MODE='NO_AUTO_VALUE_ON_ZERO' */;
/*!40111 SET @OLD_SQL_NOTES=@@SQL_NOTES, SQL_NOTES=0 */;


# Dump of table courses
# ------------------------------------------------------------

LOCK TABLES `courses` WRITE;
/*!40000 ALTER TABLE `courses` DISABLE KEYS */;

INSERT INTO `courses` (`id`, `course_title`, `instructor`, `created_at`, `updated_at`)
VALUES
	(36601,'ICS31: Lab 1','',NULL,NULL),
	(36602,'ICS31: Lab 2','',NULL,NULL),
	(36603,'ICS31: Lab 3','',NULL,NULL),
	(36604,'ICS31: Lab 4','',NULL,NULL),
	(36605,'ICS31: Lab 5','',NULL,NULL),
	(36606,'ICS31: Lab 6','',NULL,NULL),
	(36607,'ICS31: Lab 7','',NULL,NULL),
	(36608,'ICS31: Lab 8','',NULL,NULL),
	(36609,'ICS31: Lab 9','',NULL,NULL),
	(36610,'ICS31: Lab 10','',NULL,NULL),
	(36611,'ICS31: Lab 11','',NULL,NULL),
	(36612,'ICS31: Lab 12','',NULL,NULL),
	(36613,'ICS31: Lab 13','',NULL,NULL),
	(36614,'ICS31: Lab 14','',NULL,NULL),
	(36615,'ICS31: Lab 15','',NULL,NULL),
	(36616,'ICS31: Lab 16','',NULL,NULL),
	(36619,'ICS32: Lab 1','',NULL,NULL),
	(36621,'ICS32: Lab 1','',NULL,NULL),
	(36622,'ICS32: Lab 1','',NULL,NULL),
	(36623,'ICS32: Lab 1','',NULL,NULL),
	(36624,'ICS32: Lab 1','',NULL,NULL),
	(36625,'ICS32: Lab 1','',NULL,NULL),
	(36626,'ICS32: Lab 1','',NULL,NULL),
	(36681,'ICS45J: Lab 1','',NULL,NULL),
	(36682,'ICS45J: Lab 2','',NULL,NULL),
	(36683,'ICS45J: Lab 3','',NULL,NULL),
	(36684,'ICS45J: Lab 4','',NULL,NULL),
	(37200,'In4matx 191A, Sec. A, 4-unit Lecture','ZIV DER HOEK','2014-10-20 19:53:21','2014-10-20 19:53:21'),
	(37202,'','','2014-10-20 19:54:10','2014-10-20 19:54:10'),
	(37203,'','','2014-10-20 19:54:10','2014-10-20 19:54:10'),
	(37204,'','','2014-10-20 19:54:10','2014-10-20 19:54:10'),
	(37205,'','','2014-10-20 19:54:10','2014-10-20 19:54:10'),
	(37206,'','','2014-10-20 19:54:10','2014-10-20 19:54:10'),
	(37207,'','','2014-10-20 19:54:10','2014-10-20 19:54:10'),
	(37208,'','','2014-10-20 19:54:10','2014-10-20 19:54:10'),
	(37209,'','','2014-10-20 19:54:10','2014-10-20 19:54:10'),
	(37210,'','','2014-10-20 19:54:10','2014-10-20 19:54:10'),
	(37211,'','','2014-10-20 19:54:10','2014-10-20 19:54:10'),
	(37212,'','','2014-10-20 19:54:10','2014-10-20 19:54:10'),
	(37213,'','','2014-10-20 19:54:10','2014-10-20 19:54:10'),
	(37214,'','','2014-10-20 19:54:10','2014-10-20 19:54:10'),
	(37215,'','','2014-10-20 19:54:10','2014-10-20 19:54:10'),
	(37216,'','','2014-10-20 19:54:10','2014-10-20 19:54:10'),
	(37217,'','','2014-10-20 19:54:10','2014-10-20 19:54:10'),
	(37218,'','','2014-10-20 19:54:10','2014-10-20 19:54:10'),
	(37219,'','','2014-10-20 19:54:10','2014-10-20 19:54:10'),
	(37220,'','','2014-10-20 19:54:10','2014-10-20 19:54:10'),
	(37221,'','','2014-10-20 19:54:10','2014-10-20 19:54:10'),
	(37222,'','','2014-10-20 19:54:10','2014-10-20 19:54:10'),
	(37223,'','','2014-10-20 19:54:10','2014-10-20 19:54:10'),
	(37224,'','','2014-10-20 19:54:10','2014-10-20 19:54:10'),
	(37225,'','','2014-10-20 19:54:10','2014-10-20 19:54:10'),
	(37226,'','','2014-10-20 19:54:10','2014-10-20 19:54:10'),
	(37227,'','','2014-10-20 19:54:10','2014-10-20 19:54:10'),
	(37228,'','','2014-10-20 19:54:10','2014-10-20 19:54:10'),
	(37229,'','','2014-10-20 19:54:10','2014-10-20 19:54:10'),
	(37230,'','','2014-10-20 19:54:10','2014-10-20 19:54:10'),
	(37231,'','','2014-10-20 19:54:10','2014-10-20 19:54:10'),
	(37232,'','','2014-10-20 19:54:10','2014-10-20 19:54:10'),
	(37233,'','','2014-10-20 19:54:10','2014-10-20 19:54:10'),
	(37234,'','','2014-10-20 19:54:10','2014-10-20 19:54:10'),
	(37235,'','','2014-10-20 19:54:10','2014-10-20 19:54:10'),
	(37236,'','','2014-10-20 19:54:10','2014-10-20 19:54:10'),
	(37237,'','','2014-10-20 19:54:10','2014-10-20 19:54:10'),
	(37238,'','','2014-10-20 19:54:10','2014-10-20 19:54:10'),
	(37239,'','','2014-10-20 19:54:10','2014-10-20 19:54:10'),
	(37240,'','','2014-10-20 19:54:10','2014-10-20 19:54:10'),
	(37241,'','','2014-10-20 19:54:10','2014-10-20 19:54:10'),
	(37242,'','','2014-10-20 19:54:10','2014-10-20 19:54:10'),
	(37243,'','','2014-10-20 19:54:10','2014-10-20 19:54:10'),
	(37244,'','','2014-10-20 19:54:10','2014-10-20 19:54:10'),
	(37245,'','','2014-10-20 19:54:10','2014-10-20 19:54:10'),
	(37246,'','','2014-10-20 19:54:10','2014-10-20 19:54:10'),
	(37247,'','','2014-10-20 19:54:10','2014-10-20 19:54:10'),
	(37248,'','','2014-10-20 19:54:10','2014-10-20 19:54:10'),
	(37249,'','','2014-10-20 19:54:10','2014-10-20 19:54:10'),
	(37250,'','','2014-10-20 19:54:10','2014-10-20 19:54:10'),
	(37251,'','','2014-10-20 19:54:10','2014-10-20 19:54:10'),
	(37252,'','','2014-10-20 19:54:10','2014-10-20 19:54:10'),
	(37253,'','','2014-10-20 19:54:10','2014-10-20 19:54:10'),
	(37254,'','','2014-10-20 19:54:10','2014-10-20 19:54:10'),
	(37255,'','','2014-10-20 19:54:10','2014-10-20 19:54:10'),
	(37256,'','','2014-10-20 19:54:10','2014-10-20 19:54:10'),
	(37257,'','','2014-10-20 19:54:10','2014-10-20 19:54:10'),
	(37258,'','','2014-10-20 19:54:10','2014-10-20 19:54:10'),
	(37259,'','','2014-10-20 19:54:10','2014-10-20 19:54:10'),
	(37260,'','','2014-10-20 19:54:10','2014-10-20 19:54:10'),
	(37261,'','','2014-10-20 19:54:10','2014-10-20 19:54:10'),
	(37262,'','','2014-10-20 19:54:10','2014-10-20 19:54:10'),
	(37263,'','','2014-10-20 19:54:10','2014-10-20 19:54:10'),
	(37264,'','','2014-10-20 19:54:10','2014-10-20 19:54:10'),
	(37265,'','','2014-10-20 19:54:10','2014-10-20 19:54:10'),
	(37266,'','','2014-10-20 19:54:10','2014-10-20 19:54:10'),
	(37267,'','','2014-10-20 19:54:10','2014-10-20 19:54:10'),
	(37268,'','','2014-10-20 19:54:10','2014-10-20 19:54:10'),
	(37269,'','','2014-10-20 19:54:10','2014-10-20 19:54:10'),
	(37270,'','','2014-10-20 19:54:10','2014-10-20 19:54:10'),
	(37271,'','','2014-10-20 19:54:10','2014-10-20 19:54:10'),
	(37272,'','','2014-10-20 19:54:10','2014-10-20 19:54:10'),
	(37273,'','','2014-10-20 19:54:10','2014-10-20 19:54:10'),
	(37274,'','','2014-10-20 19:54:10','2014-10-20 19:54:10'),
	(37275,'','','2014-10-20 19:54:10','2014-10-20 19:54:10'),
	(37276,'','','2014-10-20 19:54:10','2014-10-20 19:54:10'),
	(37277,'','','2014-10-20 19:54:10','2014-10-20 19:54:10'),
	(37278,'','','2014-10-20 19:54:10','2014-10-20 19:54:10'),
	(37279,'','','2014-10-20 19:54:10','2014-10-20 19:54:10'),
	(37280,'','','2014-10-20 19:54:10','2014-10-20 19:54:10'),
	(37281,'','','2014-10-20 19:54:10','2014-10-20 19:54:10'),
	(37282,'','','2014-10-20 19:54:10','2014-10-20 19:54:10'),
	(37283,'','','2014-10-20 19:54:10','2014-10-20 19:54:10'),
	(37284,'','','2014-10-20 19:54:10','2014-10-20 19:54:10'),
	(37285,'','','2014-10-20 19:54:10','2014-10-20 19:54:10'),
	(37286,'','','2014-10-20 19:54:10','2014-10-20 19:54:10'),
	(37287,'','','2014-10-20 19:54:10','2014-10-20 19:54:10'),
	(37288,'','','2014-10-20 19:54:10','2014-10-20 19:54:10'),
	(37289,'','','2014-10-20 19:54:10','2014-10-20 19:54:10'),
	(37290,'','','2014-10-20 19:54:10','2014-10-20 19:54:10'),
	(37291,'','','2014-10-20 19:54:10','2014-10-20 19:54:10'),
	(37292,'','','2014-10-20 19:54:10','2014-10-20 19:54:10'),
	(37293,'','','2014-10-20 19:54:10','2014-10-20 19:54:10'),
	(37294,'','','2014-10-20 19:56:19','2014-10-20 19:56:19');

/*!40000 ALTER TABLE `courses` ENABLE KEYS */;
UNLOCK TABLES;


# Dump of table evaluations
# ------------------------------------------------------------



# Dump of table group_relations
# ------------------------------------------------------------

LOCK TABLES `group_relations` WRITE;
/*!40000 ALTER TABLE `group_relations` DISABLE KEYS */;

INSERT INTO `group_relations` (`id`, `group_id`, `user_id`, `project_id`, `course_id`, `accepted_at`, `status`, `created_at`, `updated_at`)
VALUES
	(1,1,6,1,36601,NULL,0,'2014-10-17 23:27:17','2014-10-17 23:27:17'),
	(2,1,4,1,36601,NULL,0,'2014-10-17 23:28:34','2014-10-17 23:28:34');

/*!40000 ALTER TABLE `group_relations` ENABLE KEYS */;
UNLOCK TABLES;


# Dump of table groups
# ------------------------------------------------------------

LOCK TABLES `groups` WRITE;
/*!40000 ALTER TABLE `groups` DISABLE KEYS */;

INSERT INTO `groups` (`id`, `name`, `limit`, `allow_repeat`, `created_at`, `updated_at`)
VALUES
	(1,'Kay\'s Legion',2,0,NULL,NULL),
	(2,'Ziv\'s Bitches',2,0,NULL,NULL);

/*!40000 ALTER TABLE `groups` ENABLE KEYS */;
UNLOCK TABLES;


# Dump of table projects
# ------------------------------------------------------------



# Dump of table rosters
# ------------------------------------------------------------

LOCK TABLES `rosters` WRITE;
/*!40000 ALTER TABLE `rosters` DISABLE KEYS */;

INSERT INTO `rosters` (`id`, `course_id`, `user_id`, `created_at`, `updated_at`)
VALUES
	(1,36601,0,NULL,NULL),
	(2,36601,4,NULL,NULL),
	(3,36601,5,NULL,NULL),
	(4,36601,6,NULL,NULL),
	(5,36601,2,NULL,NULL),
	(6,36601,3,NULL,NULL),
	(7,36602,2,NULL,NULL),
	(9,37202,0,'2014-10-20 19:54:10','2014-10-20 19:54:10'),
	(10,37203,0,'2014-10-20 19:54:10','2014-10-20 19:54:10'),
	(11,37204,0,'2014-10-20 19:54:10','2014-10-20 19:54:10'),
	(12,37205,0,'2014-10-20 19:54:10','2014-10-20 19:54:10'),
	(13,37206,0,'2014-10-20 19:54:10','2014-10-20 19:54:10'),
	(14,37207,0,'2014-10-20 19:54:10','2014-10-20 19:54:10'),
	(15,37208,0,'2014-10-20 19:54:10','2014-10-20 19:54:10'),
	(16,37209,0,'2014-10-20 19:54:10','2014-10-20 19:54:10'),
	(17,37210,0,'2014-10-20 19:54:10','2014-10-20 19:54:10'),
	(18,37211,0,'2014-10-20 19:54:10','2014-10-20 19:54:10'),
	(19,37212,0,'2014-10-20 19:54:10','2014-10-20 19:54:10'),
	(20,37213,0,'2014-10-20 19:54:10','2014-10-20 19:54:10'),
	(21,37214,0,'2014-10-20 19:54:10','2014-10-20 19:54:10'),
	(22,37215,0,'2014-10-20 19:54:10','2014-10-20 19:54:10'),
	(23,37216,0,'2014-10-20 19:54:10','2014-10-20 19:54:10'),
	(24,37217,0,'2014-10-20 19:54:10','2014-10-20 19:54:10'),
	(25,37218,0,'2014-10-20 19:54:10','2014-10-20 19:54:10'),
	(26,37219,0,'2014-10-20 19:54:10','2014-10-20 19:54:10'),
	(27,37220,0,'2014-10-20 19:54:10','2014-10-20 19:54:10'),
	(28,37221,0,'2014-10-20 19:54:10','2014-10-20 19:54:10'),
	(29,37222,0,'2014-10-20 19:54:10','2014-10-20 19:54:10'),
	(30,37223,0,'2014-10-20 19:54:10','2014-10-20 19:54:10'),
	(31,37224,0,'2014-10-20 19:54:10','2014-10-20 19:54:10'),
	(32,37225,0,'2014-10-20 19:54:10','2014-10-20 19:54:10'),
	(33,37226,0,'2014-10-20 19:54:10','2014-10-20 19:54:10'),
	(34,37227,0,'2014-10-20 19:54:10','2014-10-20 19:54:10'),
	(35,37228,0,'2014-10-20 19:54:10','2014-10-20 19:54:10'),
	(36,37229,0,'2014-10-20 19:54:10','2014-10-20 19:54:10'),
	(37,37230,0,'2014-10-20 19:54:10','2014-10-20 19:54:10'),
	(38,37231,0,'2014-10-20 19:54:10','2014-10-20 19:54:10'),
	(39,37232,0,'2014-10-20 19:54:10','2014-10-20 19:54:10'),
	(40,37233,0,'2014-10-20 19:54:10','2014-10-20 19:54:10'),
	(41,37234,0,'2014-10-20 19:54:10','2014-10-20 19:54:10'),
	(42,37235,0,'2014-10-20 19:54:10','2014-10-20 19:54:10'),
	(43,37236,0,'2014-10-20 19:54:10','2014-10-20 19:54:10'),
	(44,37237,0,'2014-10-20 19:54:10','2014-10-20 19:54:10'),
	(45,37238,0,'2014-10-20 19:54:10','2014-10-20 19:54:10'),
	(46,37239,0,'2014-10-20 19:54:10','2014-10-20 19:54:10'),
	(47,37240,0,'2014-10-20 19:54:10','2014-10-20 19:54:10'),
	(48,37241,0,'2014-10-20 19:54:10','2014-10-20 19:54:10'),
	(49,37242,0,'2014-10-20 19:54:10','2014-10-20 19:54:10'),
	(50,37243,0,'2014-10-20 19:54:10','2014-10-20 19:54:10'),
	(51,37244,0,'2014-10-20 19:54:10','2014-10-20 19:54:10'),
	(52,37245,0,'2014-10-20 19:54:10','2014-10-20 19:54:10'),
	(53,37246,0,'2014-10-20 19:54:10','2014-10-20 19:54:10'),
	(54,37247,0,'2014-10-20 19:54:10','2014-10-20 19:54:10'),
	(55,37248,0,'2014-10-20 19:54:10','2014-10-20 19:54:10'),
	(56,37249,0,'2014-10-20 19:54:10','2014-10-20 19:54:10'),
	(57,37250,0,'2014-10-20 19:54:10','2014-10-20 19:54:10'),
	(58,37251,0,'2014-10-20 19:54:10','2014-10-20 19:54:10'),
	(59,37252,0,'2014-10-20 19:54:10','2014-10-20 19:54:10'),
	(60,37253,0,'2014-10-20 19:54:10','2014-10-20 19:54:10'),
	(61,37254,0,'2014-10-20 19:54:10','2014-10-20 19:54:10'),
	(62,37255,0,'2014-10-20 19:54:10','2014-10-20 19:54:10'),
	(63,37256,0,'2014-10-20 19:54:10','2014-10-20 19:54:10'),
	(64,37257,0,'2014-10-20 19:54:10','2014-10-20 19:54:10'),
	(65,37258,0,'2014-10-20 19:54:10','2014-10-20 19:54:10'),
	(66,37259,0,'2014-10-20 19:54:10','2014-10-20 19:54:10'),
	(67,37260,0,'2014-10-20 19:54:10','2014-10-20 19:54:10'),
	(68,37261,0,'2014-10-20 19:54:10','2014-10-20 19:54:10'),
	(69,37262,0,'2014-10-20 19:54:10','2014-10-20 19:54:10'),
	(70,37263,0,'2014-10-20 19:54:10','2014-10-20 19:54:10'),
	(71,37264,0,'2014-10-20 19:54:10','2014-10-20 19:54:10'),
	(72,37265,0,'2014-10-20 19:54:10','2014-10-20 19:54:10'),
	(73,37266,0,'2014-10-20 19:54:10','2014-10-20 19:54:10'),
	(74,37267,0,'2014-10-20 19:54:10','2014-10-20 19:54:10'),
	(75,37268,0,'2014-10-20 19:54:10','2014-10-20 19:54:10'),
	(76,37269,0,'2014-10-20 19:54:10','2014-10-20 19:54:10'),
	(77,37270,0,'2014-10-20 19:54:10','2014-10-20 19:54:10'),
	(78,37271,0,'2014-10-20 19:54:10','2014-10-20 19:54:10'),
	(79,37272,0,'2014-10-20 19:54:10','2014-10-20 19:54:10'),
	(80,37273,0,'2014-10-20 19:54:10','2014-10-20 19:54:10'),
	(81,37274,0,'2014-10-20 19:54:10','2014-10-20 19:54:10'),
	(82,37275,0,'2014-10-20 19:54:10','2014-10-20 19:54:10'),
	(83,37276,0,'2014-10-20 19:54:10','2014-10-20 19:54:10'),
	(84,37277,0,'2014-10-20 19:54:10','2014-10-20 19:54:10'),
	(85,37278,0,'2014-10-20 19:54:10','2014-10-20 19:54:10'),
	(86,37279,0,'2014-10-20 19:54:10','2014-10-20 19:54:10'),
	(87,37280,0,'2014-10-20 19:54:10','2014-10-20 19:54:10'),
	(88,37281,0,'2014-10-20 19:54:10','2014-10-20 19:54:10'),
	(89,37282,0,'2014-10-20 19:54:10','2014-10-20 19:54:10'),
	(90,37283,0,'2014-10-20 19:54:10','2014-10-20 19:54:10'),
	(91,37284,0,'2014-10-20 19:54:10','2014-10-20 19:54:10'),
	(92,37285,0,'2014-10-20 19:54:10','2014-10-20 19:54:10'),
	(93,37286,0,'2014-10-20 19:54:10','2014-10-20 19:54:10'),
	(94,37287,0,'2014-10-20 19:54:10','2014-10-20 19:54:10'),
	(95,37288,0,'2014-10-20 19:54:10','2014-10-20 19:54:10'),
	(96,37289,0,'2014-10-20 19:54:10','2014-10-20 19:54:10'),
	(97,37290,0,'2014-10-20 19:54:10','2014-10-20 19:54:10'),
	(98,37291,0,'2014-10-20 19:54:10','2014-10-20 19:54:10'),
	(99,37292,0,'2014-10-20 19:54:10','2014-10-20 19:54:10'),
	(100,37293,0,'2014-10-20 19:54:10','2014-10-20 19:54:10'),
	(101,0,0,'2014-10-20 19:56:19','2014-10-20 19:56:19');

/*!40000 ALTER TABLE `rosters` ENABLE KEYS */;
UNLOCK TABLES;


# Dump of table schema_migrations
# ------------------------------------------------------------

LOCK TABLES `schema_migrations` WRITE;
/*!40000 ALTER TABLE `schema_migrations` DISABLE KEYS */;

INSERT INTO `schema_migrations` (`version`)
VALUES
	('20140529148575'),
	('20140529194119'),
	('20140715214449'),
	('20140715214459'),
	('20140717232431'),
	('20140731231530'),
	('20140801165743');

/*!40000 ALTER TABLE `schema_migrations` ENABLE KEYS */;
UNLOCK TABLES;


# Dump of table users
# ------------------------------------------------------------

LOCK TABLES `users` WRITE;
/*!40000 ALTER TABLE `users` DISABLE KEYS */;

INSERT INTO `users` (`campus_id`, `ucinetid`, `uci_affiliations`, `name`, `role`, `email`, `current_course`, `sign_in_count`, `current_sign_in_at`, `last_sign_in_at`, `current_sign_in_ip`, `last_sign_in_ip`, `age_in_seconds`, `avatar_file_name`, `avatar_content_type`, `avatar_file_size`, `avatar_updated_at`, `created_at`, `updated_at`)
VALUES
	(0,'ryderc','student','Christina Ryder',0,'ryderc@uci.edu',36601,8,'2014-10-19 22:25:42','2014-10-18 21:23:27','127.0.0.1','127.0.0.1',NULL,'622152_10151303211381368_1975951804_o.jpg','image/jpeg',143122,'2014-10-15 17:27:01',NULL,'2014-10-19 22:25:42'),
	(1,'msilberm','student, staff','Michael Silberman',1,'msilberm@uci.edu',36601,6,'2014-10-18 02:19:27','2014-10-18 01:25:59','127.0.0.1','127.0.0.1',NULL,NULL,NULL,NULL,NULL,NULL,'2014-10-18 02:19:27'),
	(2,'fuuuf','staff,faculty,employee','David G Kay',2,'kay@uci.edu',36601,3,'2014-10-20 05:46:31','2014-10-19 22:29:58','127.0.0.1','127.0.0.1',NULL,NULL,NULL,NULL,NULL,NULL,'2014-10-20 19:47:57'),
	(6,'petrovd','student','Delian Petrov',0,'petrovd@uci.edu',36601,2,'2014-10-11 01:42:58','2014-10-11 01:21:06','127.0.0.1','127.0.0.1',NULL,'10525581_10204567467375380_3907820298695189766_n.jpg','image/jpeg',68194,'2014-10-11 01:43:06',NULL,'2014-10-11 01:43:07'),
	(4,'imcnicol','student','Ian Mcnicol',0,'imcnicol@uci.edu',36601,1,'2014-10-11 01:21:13','2014-10-11 01:21:13','127.0.0.1','127.0.0.1',NULL,'1382955_10202520222632714_437838427_n.jpg','image/jpeg',60296,'2014-10-11 01:37:45',NULL,'2014-10-11 01:37:45'),
	(5,'vdhingrej','student','Vinayak Dhingreja',0,'vdhingrej@uci.edu',36601,2,'2014-10-11 01:38:08','2014-10-11 01:37:53','127.0.0.1','127.0.0.1',NULL,'10641277_10152392094266235_7300912786488460398_n.jpg','image/jpeg',55627,'2014-10-11 01:38:02',NULL,'2014-10-11 01:38:08'),
	(3,'ziv','student,staff,faculty,employee','Hadar Ziv',3,'ziv@uci.edu',36601,0,NULL,NULL,NULL,NULL,NULL,NULL,NULL,NULL,NULL,NULL,NULL),
	(0,NULL,NULL,NULL,0,'',0,0,NULL,NULL,NULL,NULL,NULL,NULL,NULL,NULL,NULL,'2014-10-20 20:48:44','2014-10-20 20:48:44'),
	(0,NULL,NULL,NULL,0,'',0,0,NULL,NULL,NULL,NULL,NULL,NULL,NULL,NULL,NULL,'2014-10-20 20:48:44','2014-10-20 20:48:44'),
	(0,NULL,NULL,NULL,0,'',0,0,NULL,NULL,NULL,NULL,NULL,NULL,NULL,NULL,NULL,'2014-10-20 20:48:44','2014-10-20 20:48:44'),
	(0,NULL,NULL,NULL,0,'',0,0,NULL,NULL,NULL,NULL,NULL,NULL,NULL,NULL,NULL,'2014-10-20 20:48:44','2014-10-20 20:48:44'),
	(0,NULL,NULL,NULL,0,'',0,0,NULL,NULL,NULL,NULL,NULL,NULL,NULL,NULL,NULL,'2014-10-20 20:48:44','2014-10-20 20:48:44'),
	(0,NULL,NULL,NULL,0,'',0,0,NULL,NULL,NULL,NULL,NULL,NULL,NULL,NULL,NULL,'2014-10-20 20:48:44','2014-10-20 20:48:44'),
	(0,NULL,NULL,NULL,0,'',0,0,NULL,NULL,NULL,NULL,NULL,NULL,NULL,NULL,NULL,'2014-10-20 20:48:44','2014-10-20 20:48:44'),
	(0,NULL,NULL,NULL,0,'',0,0,NULL,NULL,NULL,NULL,NULL,NULL,NULL,NULL,NULL,'2014-10-20 20:48:44','2014-10-20 20:48:44'),
	(0,NULL,NULL,NULL,0,'',0,0,NULL,NULL,NULL,NULL,NULL,NULL,NULL,NULL,NULL,'2014-10-20 20:48:44','2014-10-20 20:48:44'),
	(0,NULL,NULL,NULL,0,'',0,0,NULL,NULL,NULL,NULL,NULL,NULL,NULL,NULL,NULL,'2014-10-20 20:48:44','2014-10-20 20:48:44'),
	(0,NULL,NULL,NULL,0,'',0,0,NULL,NULL,NULL,NULL,NULL,NULL,NULL,NULL,NULL,'2014-10-20 20:48:44','2014-10-20 20:48:44'),
	(0,NULL,NULL,NULL,0,'',0,0,NULL,NULL,NULL,NULL,NULL,NULL,NULL,NULL,NULL,'2014-10-20 20:48:44','2014-10-20 20:48:44'),
	(0,NULL,NULL,NULL,0,'',0,0,NULL,NULL,NULL,NULL,NULL,NULL,NULL,NULL,NULL,'2014-10-20 20:48:44','2014-10-20 20:48:44'),
	(0,NULL,NULL,NULL,0,'',0,0,NULL,NULL,NULL,NULL,NULL,NULL,NULL,NULL,NULL,'2014-10-20 20:48:44','2014-10-20 20:48:44'),
	(0,NULL,NULL,NULL,0,'',0,0,NULL,NULL,NULL,NULL,NULL,NULL,NULL,NULL,NULL,'2014-10-20 20:48:44','2014-10-20 20:48:44'),
	(0,NULL,NULL,NULL,0,'',0,0,NULL,NULL,NULL,NULL,NULL,NULL,NULL,NULL,NULL,'2014-10-20 20:48:44','2014-10-20 20:48:44'),
	(0,NULL,NULL,NULL,0,'',0,0,NULL,NULL,NULL,NULL,NULL,NULL,NULL,NULL,NULL,'2014-10-20 20:48:44','2014-10-20 20:48:44'),
	(0,NULL,NULL,NULL,0,'',0,0,NULL,NULL,NULL,NULL,NULL,NULL,NULL,NULL,NULL,'2014-10-20 20:48:44','2014-10-20 20:48:44'),
	(0,NULL,NULL,NULL,0,'',0,0,NULL,NULL,NULL,NULL,NULL,NULL,NULL,NULL,NULL,'2014-10-20 20:48:44','2014-10-20 20:48:44');

/*!40000 ALTER TABLE `users` ENABLE KEYS */;
UNLOCK TABLES;



/*!40111 SET SQL_NOTES=@OLD_SQL_NOTES */;
/*!40101 SET SQL_MODE=@OLD_SQL_MODE */;
/*!40014 SET FOREIGN_KEY_CHECKS=@OLD_FOREIGN_KEY_CHECKS */;
/*!40101 SET CHARACTER_SET_CLIENT=@OLD_CHARACTER_SET_CLIENT */;
/*!40101 SET CHARACTER_SET_RESULTS=@OLD_CHARACTER_SET_RESULTS */;
/*!40101 SET COLLATION_CONNECTION=@OLD_COLLATION_CONNECTION */;
