# ************************************************************
# Sequel Pro SQL dump
# Version 4096
#
# http://www.sequelpro.com/
# http://code.google.com/p/sequel-pro/
#
# Host: 127.0.0.1 (MySQL 5.5.37)
# Database: partner_up_development
# Generation Time: 2015-01-20 00:02:23 +0000
# ************************************************************


/*!40101 SET @OLD_CHARACTER_SET_CLIENT=@@CHARACTER_SET_CLIENT */;
/*!40101 SET @OLD_CHARACTER_SET_RESULTS=@@CHARACTER_SET_RESULTS */;
/*!40101 SET @OLD_COLLATION_CONNECTION=@@COLLATION_CONNECTION */;
/*!40101 SET NAMES utf8 */;
/*!40014 SET @OLD_FOREIGN_KEY_CHECKS=@@FOREIGN_KEY_CHECKS, FOREIGN_KEY_CHECKS=0 */;
/*!40101 SET @OLD_SQL_MODE=@@SQL_MODE, SQL_MODE='NO_AUTO_VALUE_ON_ZERO' */;
/*!40111 SET @OLD_SQL_NOTES=@@SQL_NOTES, SQL_NOTES=0 */;


# Dump of table courses
# ------------------------------------------------------------

LOCK TABLES `courses` WRITE;
/*!40000 ALTER TABLE `courses` DISABLE KEYS */;

INSERT INTO `courses` (`id`, `course_title`, `instructor`, `created_at`, `updated_at`)
VALUES
	(0,'','','2015-01-19 22:42:46','2015-01-19 22:42:46'),
	(30000,'In4matx 141, Sec. A, Lecture','KAY, D.','2015-01-19 22:43:22','2015-01-19 22:43:22'),
	(30001,'In4matx 151, Sec. A, Lecture','OLSON, J.','2015-01-19 22:43:23','2015-01-19 22:43:23'),
	(37200,'In4matx 191A, Sec. A, Lecture','ZIV DER HOEK, H.','2015-01-19 22:43:24','2015-01-19 22:43:24'),
	(99900,'    Demo* 40D, Sec. A, Lecture','DE TOQUEVILLE, A.','2015-01-19 22:43:25','2015-01-19 22:43:25');

/*!40000 ALTER TABLE `courses` ENABLE KEYS */;
UNLOCK TABLES;


# Dump of table eval_relations
# ------------------------------------------------------------

LOCK TABLES `eval_relations` WRITE;
/*!40000 ALTER TABLE `eval_relations` DISABLE KEYS */;

INSERT INTO `eval_relations` (`id`, `user_id`, `reviewer_id`, `group_id`, `project_id`, `evaluation_id`, `created_at`, `updated_at`)
VALUES
	(1,1,1,1,5,1,NULL,NULL);

/*!40000 ALTER TABLE `eval_relations` ENABLE KEYS */;
UNLOCK TABLES;


# Dump of table evaluations
# ------------------------------------------------------------

LOCK TABLES `evaluations` WRITE;
/*!40000 ALTER TABLE `evaluations` DISABLE KEYS */;

INSERT INTO `evaluations` (`id`, `effort`, `quality`, `reliability`, `flag`, `created_at`, `updated_at`)
VALUES
	(1,20,40,60,1,NULL,NULL);

/*!40000 ALTER TABLE `evaluations` ENABLE KEYS */;
UNLOCK TABLES;


# Dump of table group_relations
# ------------------------------------------------------------

LOCK TABLES `group_relations` WRITE;
/*!40000 ALTER TABLE `group_relations` DISABLE KEYS */;

INSERT INTO `group_relations` (`id`, `group_id`, `user_id`, `project_id`, `course_id`, `accepted_at`, `status`)
VALUES
	(1,1,121,5,99900,NULL,2),
	(2,1,113,5,99900,NULL,2),
	(3,2,60,5,99900,NULL,2),
	(4,2,97,5,99900,NULL,2),
	(5,3,139,5,99900,NULL,2),
	(6,3,87,5,99900,NULL,2),
	(7,4,99,5,99900,NULL,2),
	(8,4,70,5,99900,NULL,2),
	(9,5,107,5,99900,NULL,2),
	(10,5,106,5,99900,NULL,2),
	(11,6,83,5,99900,NULL,2),
	(12,6,64,5,99900,NULL,2),
	(13,7,85,5,99900,NULL,2),
	(14,7,142,5,99900,NULL,2),
	(15,8,67,5,99900,NULL,2),
	(16,8,127,5,99900,NULL,2),
	(17,9,103,5,99900,NULL,2),
	(18,9,133,5,99900,NULL,2),
	(19,10,89,5,99900,NULL,2),
	(20,10,117,5,99900,NULL,2),
	(21,11,125,5,99900,NULL,2),
	(22,11,76,5,99900,NULL,2),
	(23,12,105,5,99900,NULL,2),
	(24,12,128,5,99900,NULL,2),
	(25,13,114,5,99900,NULL,2),
	(26,13,120,5,99900,NULL,2),
	(27,14,77,5,99900,NULL,2),
	(28,14,111,5,99900,NULL,2),
	(29,15,101,5,99900,NULL,2),
	(30,15,69,5,99900,NULL,2),
	(31,16,130,5,99900,NULL,2),
	(32,16,137,5,99900,NULL,2),
	(33,17,78,5,99900,NULL,2),
	(34,17,118,5,99900,NULL,2),
	(35,18,110,5,99900,NULL,2),
	(36,18,145,5,99900,NULL,2),
	(37,19,104,5,99900,NULL,2),
	(38,19,73,5,99900,NULL,2),
	(39,20,138,5,99900,NULL,2),
	(40,20,108,5,99900,NULL,2),
	(41,21,112,5,99900,NULL,2),
	(42,21,116,5,99900,NULL,2),
	(43,22,94,5,99900,NULL,2),
	(44,22,71,5,99900,NULL,2),
	(45,23,88,5,99900,NULL,2),
	(46,23,126,5,99900,NULL,2),
	(47,24,140,5,99900,NULL,2),
	(48,24,93,5,99900,NULL,2),
	(49,25,131,5,99900,NULL,2),
	(50,25,84,5,99900,NULL,2),
	(51,26,81,5,99900,NULL,2),
	(52,26,65,5,99900,NULL,2),
	(53,27,61,5,99900,NULL,2),
	(54,27,63,5,99900,NULL,2),
	(55,28,92,5,99900,NULL,2),
	(56,28,59,5,99900,NULL,2),
	(57,29,66,5,99900,NULL,2),
	(58,29,134,5,99900,NULL,2),
	(59,30,68,5,99900,NULL,2),
	(60,30,86,5,99900,NULL,2),
	(61,31,136,5,99900,NULL,2),
	(62,31,141,5,99900,NULL,2),
	(63,32,129,5,99900,NULL,2),
	(64,32,144,5,99900,NULL,2),
	(65,33,123,5,99900,NULL,2),
	(66,33,135,5,99900,NULL,2),
	(67,34,98,5,99900,NULL,2),
	(68,34,124,5,99900,NULL,2),
	(69,35,75,5,99900,NULL,2),
	(70,35,72,5,99900,NULL,2),
	(71,36,102,5,99900,NULL,2),
	(72,36,95,5,99900,NULL,2),
	(73,37,91,5,99900,NULL,2),
	(74,37,132,5,99900,NULL,2),
	(75,38,79,5,99900,NULL,2),
	(76,38,119,5,99900,NULL,2),
	(77,39,109,5,99900,NULL,2),
	(78,39,80,5,99900,NULL,2),
	(79,40,90,5,99900,NULL,2),
	(80,40,74,5,99900,NULL,2),
	(81,41,82,5,99900,NULL,2),
	(82,41,143,5,99900,NULL,2),
	(83,42,96,5,99900,NULL,2),
	(84,42,115,5,99900,NULL,2),
	(85,43,62,5,99900,NULL,2),
	(86,43,122,5,99900,NULL,2),
	(87,44,100,5,99900,NULL,2),
	(88,45,46,4,37200,NULL,2),
	(89,45,57,4,37200,NULL,2),
	(90,45,69,4,37200,NULL,2),
	(91,45,84,4,37200,NULL,2),
	(92,46,50,4,37200,NULL,2),
	(93,46,72,4,37200,NULL,2),
	(94,46,76,4,37200,NULL,2),
	(95,46,68,4,37200,NULL,2),
	(96,47,60,4,37200,NULL,2),
	(97,47,83,4,37200,NULL,2),
	(98,47,71,4,37200,NULL,2),
	(99,47,41,4,37200,NULL,2),
	(100,48,45,4,37200,NULL,2),
	(101,48,70,4,37200,NULL,2),
	(102,48,48,4,37200,NULL,2),
	(103,48,47,4,37200,NULL,2),
	(104,49,88,4,37200,NULL,2),
	(105,49,52,4,37200,NULL,2),
	(106,49,80,4,37200,NULL,2),
	(107,49,78,4,37200,NULL,2),
	(108,50,92,4,37200,NULL,2),
	(109,50,94,4,37200,NULL,2),
	(110,50,79,4,37200,NULL,2),
	(111,50,55,4,37200,NULL,2),
	(112,51,53,4,37200,NULL,2),
	(113,51,95,4,37200,NULL,2),
	(114,51,91,4,37200,NULL,2),
	(115,51,75,4,37200,NULL,2),
	(116,52,49,4,37200,NULL,2),
	(117,52,90,4,37200,NULL,2),
	(118,52,44,4,37200,NULL,2),
	(119,52,59,4,37200,NULL,2),
	(120,53,39,4,37200,NULL,2),
	(121,53,89,4,37200,NULL,2),
	(122,53,74,4,37200,NULL,2),
	(123,53,87,4,37200,NULL,2),
	(124,54,51,4,37200,NULL,2),
	(125,54,43,4,37200,NULL,2),
	(126,54,54,4,37200,NULL,2),
	(127,54,56,4,37200,NULL,2),
	(128,55,40,4,37200,NULL,2),
	(129,55,82,4,37200,NULL,2),
	(130,55,98,4,37200,NULL,2),
	(131,55,58,4,37200,NULL,2),
	(132,56,85,4,37200,NULL,2),
	(133,56,86,4,37200,NULL,2),
	(134,56,77,4,37200,NULL,2),
	(135,56,42,4,37200,NULL,2),
	(136,57,97,4,37200,NULL,2),
	(137,57,96,4,37200,NULL,2),
	(138,57,81,4,37200,NULL,2),
	(139,57,93,4,37200,NULL,2),
	(140,58,73,4,37200,NULL,2),
	(141,59,65,3,30001,NULL,2),
	(142,59,7,3,30001,NULL,2),
	(143,59,14,3,30001,NULL,2),
	(144,59,63,3,30001,NULL,2),
	(145,60,55,3,30001,NULL,2),
	(146,60,22,3,30001,NULL,2),
	(147,60,19,3,30001,NULL,2),
	(148,60,42,3,30001,NULL,2),
	(149,61,45,3,30001,NULL,2),
	(150,61,6,3,30001,NULL,2),
	(151,61,32,3,30001,NULL,2),
	(152,61,8,3,30001,NULL,2),
	(153,62,43,3,30001,NULL,2),
	(154,62,54,3,30001,NULL,2),
	(155,62,15,3,30001,NULL,2),
	(156,62,64,3,30001,NULL,2),
	(157,63,10,3,30001,NULL,2),
	(158,63,13,3,30001,NULL,2),
	(159,63,59,3,30001,NULL,2),
	(160,63,60,3,30001,NULL,2),
	(161,64,30,3,30001,NULL,2),
	(162,64,26,3,30001,NULL,2),
	(163,64,23,3,30001,NULL,2),
	(164,64,49,3,30001,NULL,2),
	(165,65,51,3,30001,NULL,2),
	(166,65,29,3,30001,NULL,2),
	(167,65,12,3,30001,NULL,2),
	(168,65,4,3,30001,NULL,2),
	(169,66,20,3,30001,NULL,2),
	(170,66,47,3,30001,NULL,2),
	(171,66,46,3,30001,NULL,2),
	(172,66,52,3,30001,NULL,2),
	(173,67,25,3,30001,NULL,2),
	(174,67,67,3,30001,NULL,2),
	(175,67,33,3,30001,NULL,2),
	(176,67,53,3,30001,NULL,2),
	(177,68,61,3,30001,NULL,2),
	(178,68,58,3,30001,NULL,2),
	(179,68,48,3,30001,NULL,2),
	(180,68,17,3,30001,NULL,2),
	(181,69,9,3,30001,NULL,2),
	(182,69,11,3,30001,NULL,2),
	(183,69,57,3,30001,NULL,2),
	(184,69,50,3,30001,NULL,2),
	(185,70,5,3,30001,NULL,2),
	(186,70,18,3,30001,NULL,2),
	(187,70,27,3,30001,NULL,2),
	(188,70,2,3,30001,NULL,2),
	(189,71,28,3,30001,NULL,2),
	(190,71,66,3,30001,NULL,2),
	(191,71,62,3,30001,NULL,2),
	(192,71,3,3,30001,NULL,2),
	(193,72,56,3,30001,NULL,2),
	(194,72,31,3,30001,NULL,2),
	(195,72,44,3,30001,NULL,2),
	(196,72,21,3,30001,NULL,2),
	(197,73,16,3,30001,NULL,2),
	(198,73,24,3,30001,NULL,2),
	(199,74,23,2,30000,NULL,2),
	(200,74,4,2,30000,NULL,2),
	(201,75,41,2,30000,NULL,2),
	(202,75,48,2,30000,NULL,2),
	(203,76,15,2,30000,NULL,2),
	(204,76,30,2,30000,NULL,2),
	(205,77,25,2,30000,NULL,2),
	(206,77,50,2,30000,NULL,2),
	(207,78,38,2,30000,NULL,2),
	(208,78,20,2,30000,NULL,2),
	(209,79,11,2,30000,NULL,2),
	(210,79,57,2,30000,NULL,2),
	(211,80,5,2,30000,NULL,2),
	(212,80,27,2,30000,NULL,2),
	(213,81,42,2,30000,NULL,2),
	(214,81,49,2,30000,NULL,2),
	(215,82,13,2,30000,NULL,2),
	(216,82,22,2,30000,NULL,2),
	(217,83,37,2,30000,NULL,2),
	(218,83,18,2,30000,NULL,2),
	(219,84,16,2,30000,NULL,2),
	(220,84,19,2,30000,NULL,2),
	(221,85,12,2,30000,NULL,2),
	(222,85,2,2,30000,NULL,2),
	(223,86,14,2,30000,NULL,2),
	(224,86,32,2,30000,NULL,2),
	(225,87,17,2,30000,NULL,2),
	(226,87,31,2,30000,NULL,2),
	(227,88,46,2,30000,NULL,2),
	(228,88,7,2,30000,NULL,2),
	(229,89,33,2,30000,NULL,2),
	(230,89,34,2,30000,NULL,2),
	(231,90,56,2,30000,NULL,2),
	(232,90,45,2,30000,NULL,2),
	(233,91,35,2,30000,NULL,2),
	(234,91,3,2,30000,NULL,2),
	(235,92,47,2,30000,NULL,2),
	(236,92,44,2,30000,NULL,2),
	(237,93,51,2,30000,NULL,2),
	(238,93,55,2,30000,NULL,2),
	(239,94,52,2,30000,NULL,2),
	(240,94,29,2,30000,NULL,2),
	(241,95,26,2,30000,NULL,2),
	(242,95,39,2,30000,NULL,2),
	(243,96,8,2,30000,NULL,2),
	(244,96,36,2,30000,NULL,2),
	(245,97,9,2,30000,NULL,2),
	(246,97,21,2,30000,NULL,2),
	(247,98,40,2,30000,NULL,2),
	(248,98,53,2,30000,NULL,2),
	(249,99,24,2,30000,NULL,2),
	(250,99,28,2,30000,NULL,2),
	(251,100,43,2,30000,NULL,2),
	(252,100,10,2,30000,NULL,2),
	(253,101,6,2,30000,NULL,2),
	(254,101,54,2,30000,NULL,2),
	(255,102,58,2,30000,NULL,2);

/*!40000 ALTER TABLE `group_relations` ENABLE KEYS */;
UNLOCK TABLES;


# Dump of table groups
# ------------------------------------------------------------

LOCK TABLES `groups` WRITE;
/*!40000 ALTER TABLE `groups` DISABLE KEYS */;

INSERT INTO `groups` (`id`, `name`, `limit`, `allow_repeat`, `project_id`, `course_id`, `created_at`, `updated_at`)
VALUES
	(1,'Team 1',NULL,NULL,5,99900,'2015-01-19 23:53:27','2015-01-19 23:53:27'),
	(2,'Team 2',NULL,NULL,5,99900,'2015-01-19 23:53:27','2015-01-19 23:53:27'),
	(3,'Team 3',NULL,NULL,5,99900,'2015-01-19 23:53:27','2015-01-19 23:53:27'),
	(4,'Team 4',NULL,NULL,5,99900,'2015-01-19 23:53:27','2015-01-19 23:53:27'),
	(5,'Team 5',NULL,NULL,5,99900,'2015-01-19 23:53:27','2015-01-19 23:53:27'),
	(6,'Team 6',NULL,NULL,5,99900,'2015-01-19 23:53:27','2015-01-19 23:53:27'),
	(7,'Team 7',NULL,NULL,5,99900,'2015-01-19 23:53:27','2015-01-19 23:53:27'),
	(8,'Team 8',NULL,NULL,5,99900,'2015-01-19 23:53:27','2015-01-19 23:53:27'),
	(9,'Team 9',NULL,NULL,5,99900,'2015-01-19 23:53:27','2015-01-19 23:53:27'),
	(10,'Team 10',NULL,NULL,5,99900,'2015-01-19 23:53:27','2015-01-19 23:53:27'),
	(11,'Team 11',NULL,NULL,5,99900,'2015-01-19 23:53:27','2015-01-19 23:53:27'),
	(12,'Team 12',NULL,NULL,5,99900,'2015-01-19 23:53:27','2015-01-19 23:53:27'),
	(13,'Team 13',NULL,NULL,5,99900,'2015-01-19 23:53:27','2015-01-19 23:53:27'),
	(14,'Team 14',NULL,NULL,5,99900,'2015-01-19 23:53:27','2015-01-19 23:53:27'),
	(15,'Team 15',NULL,NULL,5,99900,'2015-01-19 23:53:27','2015-01-19 23:53:27'),
	(16,'Team 16',NULL,NULL,5,99900,'2015-01-19 23:53:27','2015-01-19 23:53:27'),
	(17,'Team 17',NULL,NULL,5,99900,'2015-01-19 23:53:27','2015-01-19 23:53:27'),
	(18,'Team 18',NULL,NULL,5,99900,'2015-01-19 23:53:27','2015-01-19 23:53:27'),
	(19,'Team 19',NULL,NULL,5,99900,'2015-01-19 23:53:27','2015-01-19 23:53:27'),
	(20,'Team 20',NULL,NULL,5,99900,'2015-01-19 23:53:27','2015-01-19 23:53:27'),
	(21,'Team 21',NULL,NULL,5,99900,'2015-01-19 23:53:27','2015-01-19 23:53:27'),
	(22,'Team 22',NULL,NULL,5,99900,'2015-01-19 23:53:27','2015-01-19 23:53:27'),
	(23,'Team 23',NULL,NULL,5,99900,'2015-01-19 23:53:27','2015-01-19 23:53:27'),
	(24,'Team 24',NULL,NULL,5,99900,'2015-01-19 23:53:27','2015-01-19 23:53:27'),
	(25,'Team 25',NULL,NULL,5,99900,'2015-01-19 23:53:27','2015-01-19 23:53:27'),
	(26,'Team 26',NULL,NULL,5,99900,'2015-01-19 23:53:27','2015-01-19 23:53:27'),
	(27,'Team 27',NULL,NULL,5,99900,'2015-01-19 23:53:27','2015-01-19 23:53:27'),
	(28,'Team 28',NULL,NULL,5,99900,'2015-01-19 23:53:27','2015-01-19 23:53:27'),
	(29,'Team 29',NULL,NULL,5,99900,'2015-01-19 23:53:27','2015-01-19 23:53:27'),
	(30,'Team 30',NULL,NULL,5,99900,'2015-01-19 23:53:27','2015-01-19 23:53:27'),
	(31,'Team 31',NULL,NULL,5,99900,'2015-01-19 23:53:27','2015-01-19 23:53:27'),
	(32,'Team 32',NULL,NULL,5,99900,'2015-01-19 23:53:27','2015-01-19 23:53:27'),
	(33,'Team 33',NULL,NULL,5,99900,'2015-01-19 23:53:27','2015-01-19 23:53:27'),
	(34,'Team 34',NULL,NULL,5,99900,'2015-01-19 23:53:27','2015-01-19 23:53:27'),
	(35,'Team 35',NULL,NULL,5,99900,'2015-01-19 23:53:27','2015-01-19 23:53:27'),
	(36,'Team 36',NULL,NULL,5,99900,'2015-01-19 23:53:27','2015-01-19 23:53:27'),
	(37,'Team 37',NULL,NULL,5,99900,'2015-01-19 23:53:27','2015-01-19 23:53:27'),
	(38,'Team 38',NULL,NULL,5,99900,'2015-01-19 23:53:27','2015-01-19 23:53:27'),
	(39,'Team 39',NULL,NULL,5,99900,'2015-01-19 23:53:27','2015-01-19 23:53:27'),
	(40,'Team 40',NULL,NULL,5,99900,'2015-01-19 23:53:27','2015-01-19 23:53:27'),
	(41,'Team 41',NULL,NULL,5,99900,'2015-01-19 23:53:27','2015-01-19 23:53:27'),
	(42,'Team 42',NULL,NULL,5,99900,'2015-01-19 23:53:27','2015-01-19 23:53:27'),
	(43,'Team 43',NULL,NULL,5,99900,'2015-01-19 23:53:27','2015-01-19 23:53:27'),
	(44,'Team 44',NULL,NULL,5,99900,'2015-01-19 23:53:27','2015-01-19 23:53:27'),
	(45,'Team 1',NULL,NULL,4,37200,'2015-01-19 23:53:32','2015-01-19 23:53:32'),
	(46,'Team 2',NULL,NULL,4,37200,'2015-01-19 23:53:32','2015-01-19 23:53:32'),
	(47,'Team 3',NULL,NULL,4,37200,'2015-01-19 23:53:32','2015-01-19 23:53:32'),
	(48,'Team 4',NULL,NULL,4,37200,'2015-01-19 23:53:32','2015-01-19 23:53:32'),
	(49,'Team 5',NULL,NULL,4,37200,'2015-01-19 23:53:32','2015-01-19 23:53:32'),
	(50,'Team 6',NULL,NULL,4,37200,'2015-01-19 23:53:32','2015-01-19 23:53:32'),
	(51,'Team 7',NULL,NULL,4,37200,'2015-01-19 23:53:32','2015-01-19 23:53:32'),
	(52,'Team 8',NULL,NULL,4,37200,'2015-01-19 23:53:32','2015-01-19 23:53:32'),
	(53,'Team 9',NULL,NULL,4,37200,'2015-01-19 23:53:33','2015-01-19 23:53:33'),
	(54,'Team 10',NULL,NULL,4,37200,'2015-01-19 23:53:33','2015-01-19 23:53:33'),
	(55,'Team 11',NULL,NULL,4,37200,'2015-01-19 23:53:33','2015-01-19 23:53:33'),
	(56,'Team 12',NULL,NULL,4,37200,'2015-01-19 23:53:33','2015-01-19 23:53:33'),
	(57,'Team 13',NULL,NULL,4,37200,'2015-01-19 23:53:33','2015-01-19 23:53:33'),
	(58,'Team 14',NULL,NULL,4,37200,'2015-01-19 23:53:33','2015-01-19 23:53:33'),
	(59,'Team 1',NULL,NULL,3,30001,'2015-01-19 23:53:36','2015-01-19 23:53:36'),
	(60,'Team 2',NULL,NULL,3,30001,'2015-01-19 23:53:36','2015-01-19 23:53:36'),
	(61,'Team 3',NULL,NULL,3,30001,'2015-01-19 23:53:36','2015-01-19 23:53:36'),
	(62,'Team 4',NULL,NULL,3,30001,'2015-01-19 23:53:36','2015-01-19 23:53:36'),
	(63,'Team 5',NULL,NULL,3,30001,'2015-01-19 23:53:37','2015-01-19 23:53:37'),
	(64,'Team 6',NULL,NULL,3,30001,'2015-01-19 23:53:37','2015-01-19 23:53:37'),
	(65,'Team 7',NULL,NULL,3,30001,'2015-01-19 23:53:37','2015-01-19 23:53:37'),
	(66,'Team 8',NULL,NULL,3,30001,'2015-01-19 23:53:37','2015-01-19 23:53:37'),
	(67,'Team 9',NULL,NULL,3,30001,'2015-01-19 23:53:37','2015-01-19 23:53:37'),
	(68,'Team 10',NULL,NULL,3,30001,'2015-01-19 23:53:37','2015-01-19 23:53:37'),
	(69,'Team 11',NULL,NULL,3,30001,'2015-01-19 23:53:37','2015-01-19 23:53:37'),
	(70,'Team 12',NULL,NULL,3,30001,'2015-01-19 23:53:37','2015-01-19 23:53:37'),
	(71,'Team 13',NULL,NULL,3,30001,'2015-01-19 23:53:37','2015-01-19 23:53:37'),
	(72,'Team 14',NULL,NULL,3,30001,'2015-01-19 23:53:37','2015-01-19 23:53:37'),
	(73,'Team 15',NULL,NULL,3,30001,'2015-01-19 23:53:37','2015-01-19 23:53:37'),
	(74,'Team 1',NULL,NULL,2,30000,'2015-01-19 23:53:41','2015-01-19 23:53:41'),
	(75,'Team 2',NULL,NULL,2,30000,'2015-01-19 23:53:41','2015-01-19 23:53:41'),
	(76,'Team 3',NULL,NULL,2,30000,'2015-01-19 23:53:41','2015-01-19 23:53:41'),
	(77,'Team 4',NULL,NULL,2,30000,'2015-01-19 23:53:41','2015-01-19 23:53:41'),
	(78,'Team 5',NULL,NULL,2,30000,'2015-01-19 23:53:41','2015-01-19 23:53:41'),
	(79,'Team 6',NULL,NULL,2,30000,'2015-01-19 23:53:41','2015-01-19 23:53:41'),
	(80,'Team 7',NULL,NULL,2,30000,'2015-01-19 23:53:41','2015-01-19 23:53:41'),
	(81,'Team 8',NULL,NULL,2,30000,'2015-01-19 23:53:41','2015-01-19 23:53:41'),
	(82,'Team 9',NULL,NULL,2,30000,'2015-01-19 23:53:41','2015-01-19 23:53:41'),
	(83,'Team 10',NULL,NULL,2,30000,'2015-01-19 23:53:41','2015-01-19 23:53:41'),
	(84,'Team 11',NULL,NULL,2,30000,'2015-01-19 23:53:41','2015-01-19 23:53:41'),
	(85,'Team 12',NULL,NULL,2,30000,'2015-01-19 23:53:41','2015-01-19 23:53:41'),
	(86,'Team 13',NULL,NULL,2,30000,'2015-01-19 23:53:41','2015-01-19 23:53:41'),
	(87,'Team 14',NULL,NULL,2,30000,'2015-01-19 23:53:41','2015-01-19 23:53:41'),
	(88,'Team 15',NULL,NULL,2,30000,'2015-01-19 23:53:41','2015-01-19 23:53:41'),
	(89,'Team 16',NULL,NULL,2,30000,'2015-01-19 23:53:41','2015-01-19 23:53:41'),
	(90,'Team 17',NULL,NULL,2,30000,'2015-01-19 23:53:41','2015-01-19 23:53:41'),
	(91,'Team 18',NULL,NULL,2,30000,'2015-01-19 23:53:41','2015-01-19 23:53:41'),
	(92,'Team 19',NULL,NULL,2,30000,'2015-01-19 23:53:41','2015-01-19 23:53:41'),
	(93,'Team 20',NULL,NULL,2,30000,'2015-01-19 23:53:41','2015-01-19 23:53:41'),
	(94,'Team 21',NULL,NULL,2,30000,'2015-01-19 23:53:41','2015-01-19 23:53:41'),
	(95,'Team 22',NULL,NULL,2,30000,'2015-01-19 23:53:41','2015-01-19 23:53:41'),
	(96,'Team 23',NULL,NULL,2,30000,'2015-01-19 23:53:41','2015-01-19 23:53:41'),
	(97,'Team 24',NULL,NULL,2,30000,'2015-01-19 23:53:41','2015-01-19 23:53:41'),
	(98,'Team 25',NULL,NULL,2,30000,'2015-01-19 23:53:41','2015-01-19 23:53:41'),
	(99,'Team 26',NULL,NULL,2,30000,'2015-01-19 23:53:41','2015-01-19 23:53:41'),
	(100,'Team 27',NULL,NULL,2,30000,'2015-01-19 23:53:41','2015-01-19 23:53:41'),
	(101,'Team 28',NULL,NULL,2,30000,'2015-01-19 23:53:41','2015-01-19 23:53:41'),
	(102,'Team 29',NULL,NULL,2,30000,'2015-01-19 23:53:41','2015-01-19 23:53:41');

/*!40000 ALTER TABLE `groups` ENABLE KEYS */;
UNLOCK TABLES;


# Dump of table project_relations
# ------------------------------------------------------------

LOCK TABLES `project_relations` WRITE;
/*!40000 ALTER TABLE `project_relations` DISABLE KEYS */;

INSERT INTO `project_relations` (`id`, `project_id`, `course_id`)
VALUES
	(1,2,30000),
	(2,3,30001),
	(3,4,37200),
	(4,5,99900);

/*!40000 ALTER TABLE `project_relations` ENABLE KEYS */;
UNLOCK TABLES;


# Dump of table projects
# ------------------------------------------------------------

LOCK TABLES `projects` WRITE;
/*!40000 ALTER TABLE `projects` DISABLE KEYS */;

INSERT INTO `projects` (`id`, `name`, `course_id`, `allow_repeat`, `active`, `group_size`, `autogroup`, `evaluation_id`, `end_date`)
VALUES
	(0,NULL,0,0,1,2,0,NULL,NULL),
	(2,'Parsing Words',30000,0,1,2,0,NULL,'2015-01-23'),
	(3,'Gantt Chart',30001,1,1,4,0,NULL,'2015-01-24'),
	(4,'Partner Up',37200,1,1,4,0,NULL,'2015-01-24'),
	(5,'Music Sheets',99900,0,1,2,0,NULL,'2015-02-12');

/*!40000 ALTER TABLE `projects` ENABLE KEYS */;
UNLOCK TABLES;


# Dump of table rosters
# ------------------------------------------------------------

LOCK TABLES `rosters` WRITE;
/*!40000 ALTER TABLE `rosters` DISABLE KEYS */;

INSERT INTO `rosters` (`id`, `course_id`, `user_id`)
VALUES
	(1,30000,1),
	(2,30000,2),
	(3,30000,3),
	(4,30000,4),
	(5,30000,5),
	(6,30000,6),
	(7,30000,7),
	(8,30000,8),
	(9,30000,9),
	(10,30000,10),
	(11,30000,11),
	(12,30000,12),
	(13,30000,13),
	(14,30000,14),
	(15,30000,15),
	(16,30000,16),
	(17,30000,17),
	(18,30000,18),
	(19,30000,19),
	(20,30000,20),
	(21,30000,21),
	(22,30000,22),
	(23,30000,23),
	(24,30000,24),
	(25,30000,25),
	(26,30000,26),
	(27,30000,27),
	(28,30000,28),
	(29,30000,29),
	(30,30000,30),
	(31,30000,31),
	(32,30000,32),
	(33,30000,33),
	(34,30000,34),
	(35,30000,35),
	(36,30000,36),
	(37,30000,37),
	(38,30000,38),
	(39,30000,39),
	(40,30000,40),
	(41,30000,41),
	(42,30000,42),
	(43,30000,43),
	(44,30000,44),
	(45,30000,45),
	(46,30000,46),
	(47,30000,47),
	(48,30000,48),
	(49,30000,49),
	(50,30000,50),
	(51,30000,51),
	(52,30000,52),
	(53,30000,53),
	(54,30000,54),
	(55,30000,55),
	(56,30000,56),
	(57,30000,57),
	(58,30000,58),
	(59,30001,1),
	(60,30001,2),
	(61,30001,3),
	(62,30001,4),
	(63,30001,5),
	(64,30001,6),
	(65,30001,7),
	(66,30001,8),
	(67,30001,9),
	(68,30001,10),
	(69,30001,11),
	(70,30001,12),
	(71,30001,13),
	(72,30001,14),
	(73,30001,15),
	(74,30001,16),
	(75,30001,17),
	(76,30001,18),
	(77,30001,19),
	(78,30001,20),
	(79,30001,21),
	(80,30001,22),
	(81,30001,23),
	(82,30001,24),
	(83,30001,25),
	(84,30001,26),
	(85,30001,27),
	(86,30001,28),
	(87,30001,29),
	(88,30001,30),
	(89,30001,31),
	(90,30001,32),
	(91,30001,33),
	(92,30001,59),
	(93,30001,60),
	(94,30001,61),
	(95,30001,62),
	(96,30001,63),
	(97,30001,64),
	(98,30001,65),
	(99,30001,66),
	(100,30001,67),
	(101,30001,42),
	(102,30001,43),
	(103,30001,44),
	(104,30001,45),
	(105,30001,46),
	(106,30001,47),
	(107,30001,48),
	(108,30001,49),
	(109,30001,50),
	(110,30001,51),
	(111,30001,52),
	(112,30001,53),
	(113,30001,54),
	(114,30001,55),
	(115,30001,56),
	(116,30001,57),
	(117,30001,58),
	(118,37200,1),
	(119,37200,39),
	(120,37200,40),
	(121,37200,41),
	(122,37200,42),
	(123,37200,43),
	(124,37200,44),
	(125,37200,45),
	(126,37200,46),
	(127,37200,47),
	(128,37200,48),
	(129,37200,49),
	(130,37200,50),
	(131,37200,51),
	(132,37200,52),
	(133,37200,53),
	(134,37200,54),
	(135,37200,55),
	(136,37200,56),
	(137,37200,57),
	(138,37200,58),
	(139,37200,68),
	(140,37200,69),
	(141,37200,70),
	(142,37200,71),
	(143,37200,72),
	(144,37200,73),
	(145,37200,74),
	(146,37200,75),
	(147,37200,76),
	(148,37200,77),
	(149,37200,78),
	(150,37200,79),
	(151,37200,80),
	(152,37200,81),
	(153,37200,82),
	(154,37200,83),
	(155,37200,84),
	(156,37200,85),
	(157,37200,86),
	(158,37200,87),
	(159,37200,88),
	(160,37200,89),
	(161,37200,90),
	(162,37200,91),
	(163,37200,92),
	(164,37200,93),
	(165,37200,94),
	(166,37200,95),
	(167,37200,96),
	(168,37200,97),
	(169,37200,98),
	(170,37200,59),
	(171,37200,60),
	(172,99900,1),
	(173,99900,68),
	(174,99900,69),
	(175,99900,70),
	(176,99900,71),
	(177,99900,72),
	(178,99900,73),
	(179,99900,74),
	(180,99900,75),
	(181,99900,76),
	(182,99900,77),
	(183,99900,78),
	(184,99900,99),
	(185,99900,100),
	(186,99900,101),
	(187,99900,102),
	(188,99900,103),
	(189,99900,104),
	(190,99900,105),
	(191,99900,106),
	(192,99900,107),
	(193,99900,108),
	(194,99900,109),
	(195,99900,110),
	(196,99900,111),
	(197,99900,112),
	(198,99900,113),
	(199,99900,79),
	(200,99900,80),
	(201,99900,81),
	(202,99900,82),
	(203,99900,83),
	(204,99900,84),
	(205,99900,85),
	(206,99900,86),
	(207,99900,87),
	(208,99900,88),
	(209,99900,89),
	(210,99900,90),
	(211,99900,91),
	(212,99900,92),
	(213,99900,93),
	(214,99900,94),
	(215,99900,95),
	(216,99900,96),
	(217,99900,97),
	(218,99900,98),
	(219,99900,59),
	(220,99900,60),
	(221,99900,61),
	(222,99900,62),
	(223,99900,63),
	(224,99900,64),
	(225,99900,65),
	(226,99900,66),
	(227,99900,67),
	(228,99900,114),
	(229,99900,115),
	(230,99900,116),
	(231,99900,117),
	(232,99900,118),
	(233,99900,119),
	(234,99900,120),
	(235,99900,121),
	(236,99900,122),
	(237,99900,123),
	(238,99900,124),
	(239,99900,125),
	(240,99900,126),
	(241,99900,127),
	(242,99900,128),
	(243,99900,129),
	(244,99900,130),
	(245,99900,131),
	(246,99900,132),
	(247,99900,133),
	(248,99900,134),
	(249,99900,135),
	(250,99900,136),
	(251,99900,137),
	(252,99900,138),
	(253,99900,139),
	(254,99900,140),
	(255,99900,141),
	(256,99900,142),
	(257,99900,143),
	(258,99900,144),
	(259,99900,145);

/*!40000 ALTER TABLE `rosters` ENABLE KEYS */;
UNLOCK TABLES;


# Dump of table users
# ------------------------------------------------------------

LOCK TABLES `users` WRITE;
/*!40000 ALTER TABLE `users` DISABLE KEYS */;

INSERT INTO `users` (`id`, `ucinetid`, `uci_affiliations`, `first_name`, `last_name`, `role`, `email`, `phone`, `current_course`, `current_project`, `description`, `availability`, `sign_in_count`, `current_sign_in_at`, `last_sign_in_at`, `current_sign_in_ip`, `last_sign_in_ip`, `age_in_seconds`, `avatar_file_name`, `avatar_content_type`, `avatar_file_size`, `avatar_updated_at`, `created_at`, `updated_at`)
VALUES
	(1,'Kay','prof','David','Kay',1,'','',99900,5,'','',1,'2015-01-19 22:43:08','2015-01-19 22:43:08','127.0.0.1','127.0.0.1',NULL,NULL,NULL,NULL,NULL,NULL,'2015-01-19 23:55:08'),
	(2,'dewaltg','student','Glenn','Dewalt',0,'dewaltg@uci.edu','',30001,3,'','',0,NULL,NULL,NULL,NULL,NULL,NULL,NULL,NULL,NULL,'2015-01-19 22:43:22','2015-01-19 22:43:23'),
	(3,'edmistons','student','Sharla','Edmiston',0,'edmistons@uci.edu','',30001,3,'','',0,NULL,NULL,NULL,NULL,NULL,NULL,NULL,NULL,NULL,'2015-01-19 22:43:22','2015-01-19 22:43:23'),
	(4,'torgersenf','student','Felicia','Torgersen',0,'torgersenf@uci.edu','',30001,3,'','',0,NULL,NULL,NULL,NULL,NULL,NULL,NULL,NULL,NULL,'2015-01-19 22:43:22','2015-01-19 22:43:23'),
	(5,'moritah','student','Harvey','Morita',0,'moritah@uci.edu','',30001,3,'','',0,NULL,NULL,NULL,NULL,NULL,NULL,NULL,NULL,NULL,'2015-01-19 22:43:22','2015-01-19 22:43:23'),
	(6,'kovacc','student','Corina','Kovac',0,'kovacc@uci.edu','',30001,3,'','',0,NULL,NULL,NULL,NULL,NULL,NULL,NULL,NULL,NULL,'2015-01-19 22:43:22','2015-01-19 22:43:23'),
	(7,'cantrellee','student','Ermelinda','Cantrelle',0,'cantrellee@uci.edu','',30001,3,'','',0,NULL,NULL,NULL,NULL,NULL,NULL,NULL,NULL,NULL,'2015-01-19 22:43:22','2015-01-19 22:43:23'),
	(8,'sylvestm','student','May','Sylvest',0,'sylvestm@uci.edu','',30001,3,'','',0,NULL,NULL,NULL,NULL,NULL,NULL,NULL,NULL,NULL,'2015-01-19 22:43:22','2015-01-19 22:43:23'),
	(9,'heinsc','student','Celestina','Heins',0,'heinsc@uci.edu','',30001,3,'','',0,NULL,NULL,NULL,NULL,NULL,NULL,NULL,NULL,NULL,'2015-01-19 22:43:22','2015-01-19 22:43:23'),
	(10,'konecnym','student','Major','Konecny',0,'konecnym@uci.edu','',30001,3,'','',0,NULL,NULL,NULL,NULL,NULL,NULL,NULL,NULL,NULL,'2015-01-19 22:43:22','2015-01-19 22:43:23'),
	(11,'lindleym','student','Mallory','Lindley',0,'lindleym@uci.edu','',30001,3,'','',0,NULL,NULL,NULL,NULL,NULL,NULL,NULL,NULL,NULL,'2015-01-19 22:43:22','2015-01-19 22:43:23'),
	(12,'meyery','student','Yuette','Meyer',0,'meyery@uci.edu','',30001,3,'','',0,NULL,NULL,NULL,NULL,NULL,NULL,NULL,NULL,NULL,'2015-01-19 22:43:22','2015-01-19 22:43:23'),
	(13,'brundiges','student','Sade','Brundige',0,'brundiges@uci.edu','',30001,3,'','',0,NULL,NULL,NULL,NULL,NULL,NULL,NULL,NULL,NULL,'2015-01-19 22:43:22','2015-01-19 22:43:23'),
	(14,'shuek','student','Kemberly','Shue',0,'shuek@uci.edu','',30001,3,'','',0,NULL,NULL,NULL,NULL,NULL,NULL,NULL,NULL,NULL,'2015-01-19 22:43:22','2015-01-19 22:43:23'),
	(15,'comfortc','student','Carey','Comfort',0,'comfortc@uci.edu','',30001,3,'','',0,NULL,NULL,NULL,NULL,NULL,NULL,NULL,NULL,NULL,'2015-01-19 22:43:22','2015-01-19 22:43:23'),
	(16,'bowsherr','student','Regena','Bowsher',0,'bowsherr@uci.edu','',30001,3,'','',0,NULL,NULL,NULL,NULL,NULL,NULL,NULL,NULL,NULL,'2015-01-19 22:43:22','2015-01-19 22:43:23'),
	(17,'oesterlings','student','Samual','Oesterling',0,'oesterlings@uci.edu','',30001,3,'','',0,NULL,NULL,NULL,NULL,NULL,NULL,NULL,NULL,NULL,'2015-01-19 22:43:22','2015-01-19 22:43:23'),
	(18,'sellarss','student','Star','Sellars',0,'sellarss@uci.edu','',30001,3,'','',0,NULL,NULL,NULL,NULL,NULL,NULL,NULL,NULL,NULL,'2015-01-19 22:43:22','2015-01-19 22:43:23'),
	(19,'loveridged','student','Doretta','Loveridge',0,'loveridged@uci.edu','',30001,3,'','',0,NULL,NULL,NULL,NULL,NULL,NULL,NULL,NULL,NULL,'2015-01-19 22:43:22','2015-01-19 22:43:23'),
	(20,'espiritun','student','Nickolas','Espiritu',0,'espiritun@uci.edu','',30001,3,'','',0,NULL,NULL,NULL,NULL,NULL,NULL,NULL,NULL,NULL,'2015-01-19 22:43:22','2015-01-19 22:43:23'),
	(21,'lambrechth','student','Heidy','Lambrecht',0,'lambrechth@uci.edu','',30001,3,'','',0,NULL,NULL,NULL,NULL,NULL,NULL,NULL,NULL,NULL,'2015-01-19 22:43:22','2015-01-19 22:43:23'),
	(22,'inoues','student','Stormy','Inoue',0,'inoues@uci.edu','',30001,3,'','',0,NULL,NULL,NULL,NULL,NULL,NULL,NULL,NULL,NULL,'2015-01-19 22:43:22','2015-01-19 22:43:23'),
	(23,'cockrellk','student','Kimber','Cockrell',0,'cockrellk@uci.edu','',30001,3,'','',0,NULL,NULL,NULL,NULL,NULL,NULL,NULL,NULL,NULL,'2015-01-19 22:43:22','2015-01-19 22:43:23'),
	(24,'jantzenk','student','Karyn','Jantzen',0,'jantzenk@uci.edu','',30001,3,'','',0,NULL,NULL,NULL,NULL,NULL,NULL,NULL,NULL,NULL,'2015-01-19 22:43:22','2015-01-19 22:43:23'),
	(25,'kohutc','student','Chu','Kohut',0,'kohutc@uci.edu','',30001,3,'','',0,NULL,NULL,NULL,NULL,NULL,NULL,NULL,NULL,NULL,'2015-01-19 22:43:22','2015-01-19 22:43:23'),
	(26,'torress','student','Shari','Torres',0,'torress@uci.edu','',30001,3,'','',0,NULL,NULL,NULL,NULL,NULL,NULL,NULL,NULL,NULL,'2015-01-19 22:43:22','2015-01-19 22:43:23'),
	(27,'manseaud','student','Duane','Manseau',0,'manseaud@uci.edu','',30001,3,'','',0,NULL,NULL,NULL,NULL,NULL,NULL,NULL,NULL,NULL,'2015-01-19 22:43:22','2015-01-19 22:43:23'),
	(28,'canavand','student','Delana','Canavan',0,'canavand@uci.edu','',30001,3,'','',0,NULL,NULL,NULL,NULL,NULL,NULL,NULL,NULL,NULL,'2015-01-19 22:43:22','2015-01-19 22:43:23'),
	(29,'foardc','student','Charlie','Foard',0,'foardc@uci.edu','',30001,3,'','',0,NULL,NULL,NULL,NULL,NULL,NULL,NULL,NULL,NULL,'2015-01-19 22:43:22','2015-01-19 22:43:23'),
	(30,'khalsaj','student','Joni','Khalsa',0,'khalsaj@uci.edu','',30001,3,'','',0,NULL,NULL,NULL,NULL,NULL,NULL,NULL,NULL,NULL,'2015-01-19 22:43:22','2015-01-19 22:43:23'),
	(31,'calkinsl','student','Leia','Calkins',0,'calkinsl@uci.edu','',30001,3,'','',0,NULL,NULL,NULL,NULL,NULL,NULL,NULL,NULL,NULL,'2015-01-19 22:43:22','2015-01-19 22:43:23'),
	(32,'youngquistd','student','Dominque','Youngquist',0,'youngquistd@uci.edu','',30001,3,'','',0,NULL,NULL,NULL,NULL,NULL,NULL,NULL,NULL,NULL,'2015-01-19 22:43:22','2015-01-19 22:43:23'),
	(33,'hammittd','student','Dirk','Hammitt',0,'hammittd@uci.edu','',30001,3,'','',0,NULL,NULL,NULL,NULL,NULL,NULL,NULL,NULL,NULL,'2015-01-19 22:43:22','2015-01-19 22:43:23'),
	(34,'brackenss','student','Sonya','Brackens',0,'brackenss@uci.edu','',30000,2,'','',0,NULL,NULL,NULL,NULL,NULL,NULL,NULL,NULL,NULL,'2015-01-19 22:43:22','2015-01-19 22:43:22'),
	(35,'sinclairk','student','Kathline','Sinclair',0,'sinclairk@uci.edu','',30000,2,'','',0,NULL,NULL,NULL,NULL,NULL,NULL,NULL,NULL,NULL,'2015-01-19 22:43:22','2015-01-19 22:43:22'),
	(36,'boths','student','Sabina','Both',0,'boths@uci.edu','',30000,2,'','',0,NULL,NULL,NULL,NULL,NULL,NULL,NULL,NULL,NULL,'2015-01-19 22:43:22','2015-01-19 22:43:22'),
	(37,'mosqueral','student','Lorriane','Mosquera',0,'mosqueral@uci.edu','',30000,2,'','',0,NULL,NULL,NULL,NULL,NULL,NULL,NULL,NULL,NULL,'2015-01-19 22:43:22','2015-01-19 22:43:22'),
	(38,'braunj','student','Jamal','Braun',0,'braunj@uci.edu','',30000,2,'','',0,NULL,NULL,NULL,NULL,NULL,NULL,NULL,NULL,NULL,'2015-01-19 22:43:22','2015-01-19 22:43:22'),
	(39,'jessep','student','Phylis','Jesse',0,'jessep@uci.edu','',37200,4,'','',0,NULL,NULL,NULL,NULL,NULL,NULL,NULL,NULL,NULL,'2015-01-19 22:43:22','2015-01-19 22:43:24'),
	(40,'durenm','student','Marget','Duren',0,'durenm@uci.edu','',37200,4,'','',0,NULL,NULL,NULL,NULL,NULL,NULL,NULL,NULL,NULL,'2015-01-19 22:43:22','2015-01-19 22:43:24'),
	(41,'goldsteins','student','Saturnina','Goldstein',0,'goldsteins@uci.edu','',37200,4,'','',0,NULL,NULL,NULL,NULL,NULL,NULL,NULL,NULL,NULL,'2015-01-19 22:43:23','2015-01-19 22:43:24'),
	(42,'briskij','student','Joselyn','Briski',0,'briskij@uci.edu','',37200,4,'','',0,NULL,NULL,NULL,NULL,NULL,NULL,NULL,NULL,NULL,'2015-01-19 22:43:23','2015-01-19 22:43:24'),
	(43,'ortegond','student','Diedre','Ortegon',0,'ortegond@uci.edu','',37200,4,'','',0,NULL,NULL,NULL,NULL,NULL,NULL,NULL,NULL,NULL,'2015-01-19 22:43:23','2015-01-19 22:43:24'),
	(44,'mclendond','student','Dawne','Mclendon',0,'mclendond@uci.edu','',37200,4,'','',0,NULL,NULL,NULL,NULL,NULL,NULL,NULL,NULL,NULL,'2015-01-19 22:43:23','2015-01-19 22:43:24'),
	(45,'hoya','student','Allen','Hoy',0,'hoya@uci.edu','',37200,4,'','',0,NULL,NULL,NULL,NULL,NULL,NULL,NULL,NULL,NULL,'2015-01-19 22:43:23','2015-01-19 22:43:24'),
	(46,'herringtons','student','Sima','Herrington',0,'herringtons@uci.edu','',37200,4,'','',0,NULL,NULL,NULL,NULL,NULL,NULL,NULL,NULL,NULL,'2015-01-19 22:43:23','2015-01-19 22:43:24'),
	(47,'pullinsn','student','Neva','Pullins',0,'pullinsn@uci.edu','',37200,4,'','',0,NULL,NULL,NULL,NULL,NULL,NULL,NULL,NULL,NULL,'2015-01-19 22:43:23','2015-01-19 22:43:24'),
	(48,'kovacm','student','Marian','Kovac',0,'kovacm@uci.edu','',37200,4,'','',0,NULL,NULL,NULL,NULL,NULL,NULL,NULL,NULL,NULL,'2015-01-19 22:43:23','2015-01-19 22:43:24'),
	(49,'braswellm','student','Magdalen','Braswell',0,'braswellm@uci.edu','',37200,4,'','',0,NULL,NULL,NULL,NULL,NULL,NULL,NULL,NULL,NULL,'2015-01-19 22:43:23','2015-01-19 22:43:24'),
	(50,'caleym','student','Mario','Caley',0,'caleym@uci.edu','',37200,4,'','',0,NULL,NULL,NULL,NULL,NULL,NULL,NULL,NULL,NULL,'2015-01-19 22:43:23','2015-01-19 22:43:24'),
	(51,'mellv','student','Valeria','Mell',0,'mellv@uci.edu','',37200,4,'','',0,NULL,NULL,NULL,NULL,NULL,NULL,NULL,NULL,NULL,'2015-01-19 22:43:23','2015-01-19 22:43:24'),
	(52,'mccurdyw','student','Wally','Mccurdy',0,'mccurdyw@uci.edu','',37200,4,'','',0,NULL,NULL,NULL,NULL,NULL,NULL,NULL,NULL,NULL,'2015-01-19 22:43:23','2015-01-19 22:43:24'),
	(53,'winesj','student','Jacob','Wines',0,'winesj@uci.edu','',37200,4,'','',0,NULL,NULL,NULL,NULL,NULL,NULL,NULL,NULL,NULL,'2015-01-19 22:43:23','2015-01-19 22:43:24'),
	(54,'ryderc','student','Christina','Ryder',0,'ryderc@uci.edu','',37200,4,'','',0,NULL,NULL,NULL,NULL,NULL,NULL,NULL,NULL,NULL,'2015-01-19 22:43:23','2015-01-19 22:43:24'),
	(55,'imcnicol','student','Ian','Mcnicol',0,'imcnicol@uci.edu','',37200,4,'','',0,NULL,NULL,NULL,NULL,NULL,NULL,NULL,NULL,NULL,'2015-01-19 22:43:23','2015-01-19 22:43:24'),
	(56,'vdhingrej','student','Vinayak','Dhingreja',0,'vdhingrej@uci.edu','',37200,4,'','',0,NULL,NULL,NULL,NULL,NULL,NULL,NULL,NULL,NULL,'2015-01-19 22:43:23','2015-01-19 22:43:24'),
	(57,'petrovd','student','Delian','Petrov',0,'petrovd@uci.edu','',37200,4,'','',0,NULL,NULL,NULL,NULL,NULL,NULL,NULL,NULL,NULL,'2015-01-19 22:43:23','2015-01-19 22:43:24'),
	(58,'msilberm','student','Michael','Silberman',0,'msilberm@uci.edu','',37200,4,'','',0,NULL,NULL,NULL,NULL,NULL,NULL,NULL,NULL,NULL,'2015-01-19 22:43:23','2015-01-19 22:43:24'),
	(59,'kestrada','student','Kieran','Estrada',0,'kestrada@uci.edu','',99900,5,'','',0,NULL,NULL,NULL,NULL,NULL,NULL,NULL,NULL,NULL,'2015-01-19 22:43:23','2015-01-19 22:43:25'),
	(60,'zphelps','student','Zoe','Phelps',0,'zphelps@uci.edu','',99900,5,'','',0,NULL,NULL,NULL,NULL,NULL,NULL,NULL,NULL,NULL,'2015-01-19 22:43:23','2015-01-19 22:43:25'),
	(61,'imccarty','student','Ignatius','Mccarty',0,'imccarty@uci.edu','',99900,5,'','',0,NULL,NULL,NULL,NULL,NULL,NULL,NULL,NULL,NULL,'2015-01-19 22:43:23','2015-01-19 22:43:25'),
	(62,'bcarr','student','Bert','Carr',0,'bcarr@uci.edu','',99900,5,'','',0,NULL,NULL,NULL,NULL,NULL,NULL,NULL,NULL,NULL,'2015-01-19 22:43:23','2015-01-19 22:43:25'),
	(63,'rle','student','Roary','Le',0,'rle@uci.edu','',99900,5,'','',0,NULL,NULL,NULL,NULL,NULL,NULL,NULL,NULL,NULL,'2015-01-19 22:43:23','2015-01-19 22:43:25'),
	(64,'amullen','student','Akeem','Mullen',0,'amullen@uci.edu','',99900,5,'','',0,NULL,NULL,NULL,NULL,NULL,NULL,NULL,NULL,NULL,'2015-01-19 22:43:23','2015-01-19 22:43:25'),
	(65,'jbass','student','Joseph','Bass',0,'jbass@uci.edu','',99900,5,'','',0,NULL,NULL,NULL,NULL,NULL,NULL,NULL,NULL,NULL,'2015-01-19 22:43:23','2015-01-19 22:43:25'),
	(66,'fsuarez','student','Fatima','Suarez',0,'fsuarez@uci.edu','',99900,5,'','',0,NULL,NULL,NULL,NULL,NULL,NULL,NULL,NULL,NULL,'2015-01-19 22:43:23','2015-01-19 22:43:25'),
	(67,'cwelch','student','Clinton','Welch',0,'cwelch@uci.edu','',99900,5,'','',0,NULL,NULL,NULL,NULL,NULL,NULL,NULL,NULL,NULL,'2015-01-19 22:43:23','2015-01-19 22:43:25'),
	(68,'cmurray','student','Cailin','Murray',0,'cmurray@uci.edu','',99900,5,'','',0,NULL,NULL,NULL,NULL,NULL,NULL,NULL,NULL,NULL,'2015-01-19 22:43:24','2015-01-19 22:43:25'),
	(69,'ckirk','student','Camille','Kirk',0,'ckirk@uci.edu','',99900,5,'','',0,NULL,NULL,NULL,NULL,NULL,NULL,NULL,NULL,NULL,'2015-01-19 22:43:24','2015-01-19 22:43:25'),
	(70,'cgaines','student','Candice','Gaines',0,'cgaines@uci.edu','',99900,5,'','',0,NULL,NULL,NULL,NULL,NULL,NULL,NULL,NULL,NULL,'2015-01-19 22:43:24','2015-01-19 22:43:25'),
	(71,'btyler','student','Blair','Tyler',0,'btyler@uci.edu','',99900,5,'','',0,NULL,NULL,NULL,NULL,NULL,NULL,NULL,NULL,NULL,'2015-01-19 22:43:24','2015-01-19 22:43:25'),
	(72,'astuart','student','Amy','Stuart',0,'astuart@uci.edu','',99900,5,'','',0,NULL,NULL,NULL,NULL,NULL,NULL,NULL,NULL,NULL,'2015-01-19 22:43:24','2015-01-19 22:43:25'),
	(73,'croberson','student','Camilla','Roberson',0,'croberson@uci.edu','',99900,5,'','',0,NULL,NULL,NULL,NULL,NULL,NULL,NULL,NULL,NULL,'2015-01-19 22:43:24','2015-01-19 22:43:25'),
	(74,'cjimenez','student','Charde','Jimenez',0,'cjimenez@uci.edu','',99900,5,'','',0,NULL,NULL,NULL,NULL,NULL,NULL,NULL,NULL,NULL,'2015-01-19 22:43:24','2015-01-19 22:43:25'),
	(75,'jcobb','student','Jada','Cobb',0,'jcobb@uci.edu','',99900,5,'','',0,NULL,NULL,NULL,NULL,NULL,NULL,NULL,NULL,NULL,'2015-01-19 22:43:24','2015-01-19 22:43:25'),
	(76,'dduke','student','Dillon','Duke',0,'dduke@uci.edu','',99900,5,'','',0,NULL,NULL,NULL,NULL,NULL,NULL,NULL,NULL,NULL,'2015-01-19 22:43:24','2015-01-19 22:43:25'),
	(77,'ustephens','student','Uriah','Stephens',0,'ustephens@uci.edu','',99900,5,'','',0,NULL,NULL,NULL,NULL,NULL,NULL,NULL,NULL,NULL,'2015-01-19 22:43:24','2015-01-19 22:43:25'),
	(78,'cmooney','student','Cara','Mooney',0,'cmooney@uci.edu','',99900,5,'','',0,NULL,NULL,NULL,NULL,NULL,NULL,NULL,NULL,NULL,'2015-01-19 22:43:24','2015-01-19 22:43:25'),
	(79,'cwagner','student','Clementine','Wagner',0,'cwagner@uci.edu','',99900,5,'','',0,NULL,NULL,NULL,NULL,NULL,NULL,NULL,NULL,NULL,'2015-01-19 22:43:24','2015-01-19 22:43:25'),
	(80,'nvaldez','student','Nash','Valdez',0,'nvaldez@uci.edu','',99900,5,'','',0,NULL,NULL,NULL,NULL,NULL,NULL,NULL,NULL,NULL,'2015-01-19 22:43:24','2015-01-19 22:43:25'),
	(81,'iglass','student','Ignacia','Glass',0,'iglass@uci.edu','',99900,5,'','',0,NULL,NULL,NULL,NULL,NULL,NULL,NULL,NULL,NULL,'2015-01-19 22:43:24','2015-01-19 22:43:25'),
	(82,'mgarza','student','Morgan','Garza',0,'mgarza@uci.edu','',99900,5,'','',0,NULL,NULL,NULL,NULL,NULL,NULL,NULL,NULL,NULL,'2015-01-19 22:43:24','2015-01-19 22:43:25'),
	(83,'ccraig','student','Carol','Craig',0,'ccraig@uci.edu','',99900,5,'','',0,NULL,NULL,NULL,NULL,NULL,NULL,NULL,NULL,NULL,'2015-01-19 22:43:24','2015-01-19 22:43:25'),
	(84,'vkoch','student','Vaughan','Koch',0,'vkoch@uci.edu','',99900,5,'','',0,NULL,NULL,NULL,NULL,NULL,NULL,NULL,NULL,NULL,'2015-01-19 22:43:24','2015-01-19 22:43:25'),
	(85,'lgates','student','Lynn','Gates',0,'lgates@uci.edu','',99900,5,'','',0,NULL,NULL,NULL,NULL,NULL,NULL,NULL,NULL,NULL,'2015-01-19 22:43:24','2015-01-19 22:43:25'),
	(86,'srasmussen','student','Susan','Rasmussen',0,'srasmussen@uci.edu','',99900,5,'','',0,NULL,NULL,NULL,NULL,NULL,NULL,NULL,NULL,NULL,'2015-01-19 22:43:24','2015-01-19 22:43:25'),
	(87,'hcrawford','student','Hunter','Crawford',0,'hcrawford@uci.edu','',99900,5,'','',0,NULL,NULL,NULL,NULL,NULL,NULL,NULL,NULL,NULL,'2015-01-19 22:43:24','2015-01-19 22:43:25'),
	(88,'wphillips','student','Wallace','Phillips',0,'wphillips@uci.edu','',99900,5,'','',0,NULL,NULL,NULL,NULL,NULL,NULL,NULL,NULL,NULL,'2015-01-19 22:43:24','2015-01-19 22:43:25'),
	(89,'aglover','student','Audra','Glover',0,'aglover@uci.edu','',99900,5,'','',0,NULL,NULL,NULL,NULL,NULL,NULL,NULL,NULL,NULL,'2015-01-19 22:43:24','2015-01-19 22:43:25'),
	(90,'jwilliam','student','Jack','William',0,'jwilliam@uci.edu','',99900,5,'','',0,NULL,NULL,NULL,NULL,NULL,NULL,NULL,NULL,NULL,'2015-01-19 22:43:24','2015-01-19 22:43:25'),
	(91,'latkinson','student','Lani','Atkinson',0,'latkinson@uci.edu','',99900,5,'','',0,NULL,NULL,NULL,NULL,NULL,NULL,NULL,NULL,NULL,'2015-01-19 22:43:24','2015-01-19 22:43:25'),
	(92,'klynch','student','Karina','Lynch',0,'klynch@uci.edu','',99900,5,'','',0,NULL,NULL,NULL,NULL,NULL,NULL,NULL,NULL,NULL,'2015-01-19 22:43:24','2015-01-19 22:43:25'),
	(93,'jspencer','student','Jakeem','Spencer',0,'jspencer@uci.edu','',99900,5,'','',0,NULL,NULL,NULL,NULL,NULL,NULL,NULL,NULL,NULL,'2015-01-19 22:43:24','2015-01-19 22:43:25'),
	(94,'jgriffith','student','Joel','Griffith',0,'jgriffith@uci.edu','',99900,5,'','',0,NULL,NULL,NULL,NULL,NULL,NULL,NULL,NULL,NULL,'2015-01-19 22:43:24','2015-01-19 22:43:25'),
	(95,'cbonner','student','Constance','Bonner',0,'cbonner@uci.edu','',99900,5,'','',0,NULL,NULL,NULL,NULL,NULL,NULL,NULL,NULL,NULL,'2015-01-19 22:43:24','2015-01-19 22:43:25'),
	(96,'scaldwell','student','Stone','Caldwell',0,'scaldwell@uci.edu','',99900,5,'','',0,NULL,NULL,NULL,NULL,NULL,NULL,NULL,NULL,NULL,'2015-01-19 22:43:24','2015-01-19 22:43:25'),
	(97,'ztillman','student','Zeus','Tillman',0,'ztillman@uci.edu','',99900,5,'','',0,NULL,NULL,NULL,NULL,NULL,NULL,NULL,NULL,NULL,'2015-01-19 22:43:24','2015-01-19 22:43:25'),
	(98,'rmcintosh','student','Renee','Mcintosh',0,'rmcintosh@uci.edu','',99900,5,'','',0,NULL,NULL,NULL,NULL,NULL,NULL,NULL,NULL,NULL,'2015-01-19 22:43:24','2015-01-19 22:43:25'),
	(99,'kwilkins','student','Kennan','Wilkins',0,'kwilkins@uci.edu','',99900,5,'','',0,NULL,NULL,NULL,NULL,NULL,NULL,NULL,NULL,NULL,'2015-01-19 22:43:25','2015-01-19 22:43:25'),
	(100,'oalbert','student','Orli','Albert',0,'oalbert@uci.edu','',99900,5,'','',0,NULL,NULL,NULL,NULL,NULL,NULL,NULL,NULL,NULL,'2015-01-19 22:43:25','2015-01-19 22:43:25'),
	(101,'blancaster','student','Brynn','Lancaster',0,'blancaster@uci.edu','',99900,5,'','',0,NULL,NULL,NULL,NULL,NULL,NULL,NULL,NULL,NULL,'2015-01-19 22:43:25','2015-01-19 22:43:25'),
	(102,'aslater','student','Ariana','Slater',0,'aslater@uci.edu','',99900,5,'','',0,NULL,NULL,NULL,NULL,NULL,NULL,NULL,NULL,NULL,'2015-01-19 22:43:25','2015-01-19 22:43:25'),
	(103,'jatkinson','student','Jelani','Atkinson',0,'jatkinson@uci.edu','',99900,5,'','',0,NULL,NULL,NULL,NULL,NULL,NULL,NULL,NULL,NULL,'2015-01-19 22:43:25','2015-01-19 22:43:25'),
	(104,'kwyatt','student','Kevin','Wyatt',0,'kwyatt@uci.edu','',99900,5,'','',0,NULL,NULL,NULL,NULL,NULL,NULL,NULL,NULL,NULL,'2015-01-19 22:43:25','2015-01-19 22:43:25'),
	(105,'lnunez','student','Latifah','Nunez',0,'lnunez@uci.edu','',99900,5,'','',0,NULL,NULL,NULL,NULL,NULL,NULL,NULL,NULL,NULL,'2015-01-19 22:43:25','2015-01-19 22:43:25'),
	(106,'ghurley','student','Gary','Hurley',0,'ghurley@uci.edu','',99900,5,'','',0,NULL,NULL,NULL,NULL,NULL,NULL,NULL,NULL,NULL,'2015-01-19 22:43:25','2015-01-19 22:43:25'),
	(107,'qmcconnell','student','Quinlan','Mcconnell',0,'qmcconnell@uci.edu','',99900,5,'','',0,NULL,NULL,NULL,NULL,NULL,NULL,NULL,NULL,NULL,'2015-01-19 22:43:25','2015-01-19 22:43:25'),
	(108,'dnorris','student','Desirae','Norris',0,'dnorris@uci.edu','',99900,5,'','',0,NULL,NULL,NULL,NULL,NULL,NULL,NULL,NULL,NULL,'2015-01-19 22:43:25','2015-01-19 22:43:25'),
	(109,'gwilson','student','Gay','Wilson',0,'gwilson@uci.edu','',99900,5,'','',0,NULL,NULL,NULL,NULL,NULL,NULL,NULL,NULL,NULL,'2015-01-19 22:43:25','2015-01-19 22:43:25'),
	(110,'clott','student','Chase','Lott',0,'clott@uci.edu','',99900,5,'','',0,NULL,NULL,NULL,NULL,NULL,NULL,NULL,NULL,NULL,'2015-01-19 22:43:25','2015-01-19 22:43:25'),
	(111,'dtran','student','Dalton','Tran',0,'dtran@uci.edu','',99900,5,'','',0,NULL,NULL,NULL,NULL,NULL,NULL,NULL,NULL,NULL,'2015-01-19 22:43:25','2015-01-19 22:43:25'),
	(112,'bherman','student','Bo','Herman',0,'bherman@uci.edu','',99900,5,'','',0,NULL,NULL,NULL,NULL,NULL,NULL,NULL,NULL,NULL,'2015-01-19 22:43:25','2015-01-19 22:43:25'),
	(113,'rgreer','student','Regina','Greer',0,'rgreer@uci.edu','',99900,5,'','',0,NULL,NULL,NULL,NULL,NULL,NULL,NULL,NULL,NULL,'2015-01-19 22:43:25','2015-01-19 22:43:25'),
	(114,'mmorse','student','Mariam','Morse',0,'mmorse@uci.edu','',99900,5,'','',0,NULL,NULL,NULL,NULL,NULL,NULL,NULL,NULL,NULL,'2015-01-19 22:43:25','2015-01-19 22:43:25'),
	(115,'kray','student','Kennedy','Ray',0,'kray@uci.edu','',99900,5,'','',0,NULL,NULL,NULL,NULL,NULL,NULL,NULL,NULL,NULL,'2015-01-19 22:43:25','2015-01-19 22:43:25'),
	(116,'tgilbert','student','Trevor','Gilbert',0,'tgilbert@uci.edu','',99900,5,'','',0,NULL,NULL,NULL,NULL,NULL,NULL,NULL,NULL,NULL,'2015-01-19 22:43:25','2015-01-19 22:43:25'),
	(117,'eglenn','student','Ethan','Glenn',0,'eglenn@uci.edu','',99900,5,'','',0,NULL,NULL,NULL,NULL,NULL,NULL,NULL,NULL,NULL,'2015-01-19 22:43:25','2015-01-19 22:43:25'),
	(118,'fhuff','student','Fallon','Huff',0,'fhuff@uci.edu','',99900,5,'','',0,NULL,NULL,NULL,NULL,NULL,NULL,NULL,NULL,NULL,'2015-01-19 22:43:25','2015-01-19 22:43:25'),
	(119,'zbird','student','Zenia','Bird',0,'zbird@uci.edu','',99900,5,'','',0,NULL,NULL,NULL,NULL,NULL,NULL,NULL,NULL,NULL,'2015-01-19 22:43:25','2015-01-19 22:43:25'),
	(120,'mlandry','student','Mckenzie','Landry',0,'mlandry@uci.edu','',99900,5,'','',0,NULL,NULL,NULL,NULL,NULL,NULL,NULL,NULL,NULL,'2015-01-19 22:43:25','2015-01-19 22:43:25'),
	(121,'kdominguez','student','Kareem','Dominguez',0,'kdominguez@uci.edu','',99900,5,'','',0,NULL,NULL,NULL,NULL,NULL,NULL,NULL,NULL,NULL,'2015-01-19 22:43:25','2015-01-19 22:43:25'),
	(122,'dgamble','student','Dennis','Gamble',0,'dgamble@uci.edu','',99900,5,'','',0,NULL,NULL,NULL,NULL,NULL,NULL,NULL,NULL,NULL,'2015-01-19 22:43:25','2015-01-19 22:43:25'),
	(123,'psalas','student','Priscilla','Salas',0,'psalas@uci.edu','',99900,5,'','',0,NULL,NULL,NULL,NULL,NULL,NULL,NULL,NULL,NULL,'2015-01-19 22:43:25','2015-01-19 22:43:25'),
	(124,'lschmidt','student','Larissa','Schmidt',0,'lschmidt@uci.edu','',99900,5,'','',0,NULL,NULL,NULL,NULL,NULL,NULL,NULL,NULL,NULL,'2015-01-19 22:43:25','2015-01-19 22:43:25'),
	(125,'efuentes','student','Ebony','Fuentes',0,'efuentes@uci.edu','',99900,5,'','',0,NULL,NULL,NULL,NULL,NULL,NULL,NULL,NULL,NULL,'2015-01-19 22:43:25','2015-01-19 22:43:25'),
	(126,'khart','student','Kylan','Hart',0,'khart@uci.edu','',99900,5,'','',0,NULL,NULL,NULL,NULL,NULL,NULL,NULL,NULL,NULL,'2015-01-19 22:43:25','2015-01-19 22:43:25'),
	(127,'hdorsey','student','Hayfa','Dorsey',0,'hdorsey@uci.edu','',99900,5,'','',0,NULL,NULL,NULL,NULL,NULL,NULL,NULL,NULL,NULL,'2015-01-19 22:43:25','2015-01-19 22:43:25'),
	(128,'wmoss','student','Wesley','Moss',0,'wmoss@uci.edu','',99900,5,'','',0,NULL,NULL,NULL,NULL,NULL,NULL,NULL,NULL,NULL,'2015-01-19 22:43:25','2015-01-19 22:43:25'),
	(129,'jdoyle','student','Jarrod','Doyle',0,'jdoyle@uci.edu','',99900,5,'','',0,NULL,NULL,NULL,NULL,NULL,NULL,NULL,NULL,NULL,'2015-01-19 22:43:25','2015-01-19 22:43:25'),
	(130,'akelley','student','Aspen','Kelley',0,'akelley@uci.edu','',99900,5,'','',0,NULL,NULL,NULL,NULL,NULL,NULL,NULL,NULL,NULL,'2015-01-19 22:43:25','2015-01-19 22:43:25'),
	(131,'nmcguire','student','Nehru','Mcguire',0,'nmcguire@uci.edu','',99900,5,'','',0,NULL,NULL,NULL,NULL,NULL,NULL,NULL,NULL,NULL,'2015-01-19 22:43:25','2015-01-19 22:43:25'),
	(132,'mmosley','student','May','Mosley',0,'mmosley@uci.edu','',99900,5,'','',0,NULL,NULL,NULL,NULL,NULL,NULL,NULL,NULL,NULL,'2015-01-19 22:43:25','2015-01-19 22:43:25'),
	(133,'avaldez','student','Autumn','Valdez',0,'avaldez@uci.edu','',99900,5,'','',0,NULL,NULL,NULL,NULL,NULL,NULL,NULL,NULL,NULL,'2015-01-19 22:43:25','2015-01-19 22:43:25'),
	(134,'hroach','student','Hilel','Roach',0,'hroach@uci.edu','',99900,5,'','',0,NULL,NULL,NULL,NULL,NULL,NULL,NULL,NULL,NULL,'2015-01-19 22:43:25','2015-01-19 22:43:25'),
	(135,'oanthony','student','Oscar','Anthony',0,'oanthony@uci.edu','',99900,5,'','',0,NULL,NULL,NULL,NULL,NULL,NULL,NULL,NULL,NULL,'2015-01-19 22:43:25','2015-01-19 22:43:26'),
	(136,'droach','student','Demetria','Roach',0,'droach@uci.edu','',99900,5,'','',0,NULL,NULL,NULL,NULL,NULL,NULL,NULL,NULL,NULL,'2015-01-19 22:43:26','2015-01-19 22:43:26'),
	(137,'lvazquez','student','Lillith','Vazquez',0,'lvazquez@uci.edu','',99900,5,'','',0,NULL,NULL,NULL,NULL,NULL,NULL,NULL,NULL,NULL,'2015-01-19 22:43:26','2015-01-19 22:43:26'),
	(138,'ustuart','student','Ursa','Stuart',0,'ustuart@uci.edu','',99900,5,'','',0,NULL,NULL,NULL,NULL,NULL,NULL,NULL,NULL,NULL,'2015-01-19 22:43:26','2015-01-19 22:43:26'),
	(139,'omack','student','Octavius','Mack',0,'omack@uci.edu','',99900,5,'','',0,NULL,NULL,NULL,NULL,NULL,NULL,NULL,NULL,NULL,'2015-01-19 22:43:26','2015-01-19 22:43:26'),
	(140,'kfernandez','student','Kuame','Fernandez',0,'kfernandez@uci.edu','',99900,5,'','',0,NULL,NULL,NULL,NULL,NULL,NULL,NULL,NULL,NULL,'2015-01-19 22:43:26','2015-01-19 22:43:26'),
	(141,'nalford','student','Nell','Alford',0,'nalford@uci.edu','',99900,5,'','',0,NULL,NULL,NULL,NULL,NULL,NULL,NULL,NULL,NULL,'2015-01-19 22:43:26','2015-01-19 22:43:26'),
	(142,'mnielsen','student','Mari','Nielsen',0,'mnielsen@uci.edu','',99900,5,'','',0,NULL,NULL,NULL,NULL,NULL,NULL,NULL,NULL,NULL,'2015-01-19 22:43:26','2015-01-19 22:43:26'),
	(143,'abrewer','student','Armando','Brewer',0,'abrewer@uci.edu','',99900,5,'','',0,NULL,NULL,NULL,NULL,NULL,NULL,NULL,NULL,NULL,'2015-01-19 22:43:26','2015-01-19 22:43:26'),
	(144,'srowe','student','Shelby','Rowe',0,'srowe@uci.edu','',99900,5,'','',0,NULL,NULL,NULL,NULL,NULL,NULL,NULL,NULL,NULL,'2015-01-19 22:43:26','2015-01-19 22:43:26'),
	(145,'sdean','student','Sybill','Dean',0,'sdean@uci.edu','',99900,5,'','',0,NULL,NULL,NULL,NULL,NULL,NULL,NULL,NULL,NULL,'2015-01-19 22:43:26','2015-01-19 22:43:26');

/*!40000 ALTER TABLE `users` ENABLE KEYS */;
UNLOCK TABLES;



/*!40111 SET SQL_NOTES=@OLD_SQL_NOTES */;
/*!40101 SET SQL_MODE=@OLD_SQL_MODE */;
/*!40014 SET FOREIGN_KEY_CHECKS=@OLD_FOREIGN_KEY_CHECKS */;
/*!40101 SET CHARACTER_SET_CLIENT=@OLD_CHARACTER_SET_CLIENT */;
/*!40101 SET CHARACTER_SET_RESULTS=@OLD_CHARACTER_SET_RESULTS */;
/*!40101 SET COLLATION_CONNECTION=@OLD_COLLATION_CONNECTION */;
