# ************************************************************
# Sequel Pro SQL dump
# Version 4096
#
# http://www.sequelpro.com/
# http://code.google.com/p/sequel-pro/
#
# Host: 127.0.0.1 (MySQL 5.5.37)
# Database: partner_up_development
# Generation Time: 2014-12-07 06:24:54 +0000
# ************************************************************


/*!40101 SET @OLD_CHARACTER_SET_CLIENT=@@CHARACTER_SET_CLIENT */;
/*!40101 SET @OLD_CHARACTER_SET_RESULTS=@@CHARACTER_SET_RESULTS */;
/*!40101 SET @OLD_COLLATION_CONNECTION=@@COLLATION_CONNECTION */;
/*!40101 SET NAMES utf8 */;
/*!40014 SET @OLD_FOREIGN_KEY_CHECKS=@@FOREIGN_KEY_CHECKS, FOREIGN_KEY_CHECKS=0 */;
/*!40101 SET @OLD_SQL_MODE=@@SQL_MODE, SQL_MODE='NO_AUTO_VALUE_ON_ZERO' */;
/*!40111 SET @OLD_SQL_NOTES=@@SQL_NOTES, SQL_NOTES=0 */;


# Dump of table courses
# ------------------------------------------------------------

LOCK TABLES `courses` WRITE;
/*!40000 ALTER TABLE `courses` DISABLE KEYS */;

INSERT INTO `courses` (`id`, `course_title`, `instructor`, `created_at`, `updated_at`)
VALUES
	(0,'','',NULL,'2014-11-11 07:32:05'),
	(32,'I&CS 32, Sec. A, 11','KAY','2014-12-07 06:17:40','2014-12-07 06:17:40'),
	(30001,'In4matx 151, Sec. A, Lecture','OLSON','2014-12-02 22:31:11','2014-12-02 22:31:11'),
	(36601,'Information & Comp Sci 31: Lab 11','',NULL,'2014-11-19 00:04:27'),
	(36602,'Information & Comp Sci 31: Lab 2','',NULL,NULL),
	(36603,'Information & Comp Sci 31: Lab 3','',NULL,NULL),
	(36604,'Information & Comp Sci 31: Lab 4','',NULL,NULL),
	(36605,'Information & Comp Sci 31: Lab 5','',NULL,NULL),
	(36606,'Information & Comp Sci 31: Lab 6','',NULL,NULL),
	(36607,'Information & Comp Sci 31: Lab 7','',NULL,NULL),
	(36608,'Information & Comp Sci 31: Lab 8','',NULL,NULL),
	(36609,'Information & Comp Sci 31: Lab 9','',NULL,NULL),
	(36610,'Information & Comp Sci 31: Lab 10','',NULL,NULL),
	(36611,'Information & Comp Sci 31: Lab 11','',NULL,NULL),
	(36612,'Information & Comp Sci 31: Lab 12','',NULL,NULL),
	(36619,'Information & Comp Sci 32: Lab 1','',NULL,NULL),
	(36621,'Information & Comp Sci 32: Lab 2','',NULL,NULL),
	(36622,'Information & Comp Sci 32: Lab 3','',NULL,NULL),
	(36623,'Information & Comp Sci 32: Lab 4','',NULL,NULL),
	(36624,'Information & Comp Sci 32: Lab 5','',NULL,NULL),
	(36626,'Information & Comp Sci 32: Lab 7','',NULL,NULL),
	(36681,'Information & Comp Sci 45J: Lab 1','',NULL,NULL),
	(36682,'Information & Comp Sci 45J: Lab 2','',NULL,NULL),
	(36683,'Information & Comp Sci 45J: Lab 3','',NULL,NULL),
	(36684,'Information & Comp Sci 45J: Lab 4','',NULL,NULL),
	(37200,'In4matx 191A, Sec. A, Lecture','ZIV DER HOEK','2014-12-03 00:22:15','2014-12-03 00:22:15');

/*!40000 ALTER TABLE `courses` ENABLE KEYS */;
UNLOCK TABLES;


# Dump of table evaluations
# ------------------------------------------------------------



# Dump of table group_relations
# ------------------------------------------------------------

LOCK TABLES `group_relations` WRITE;
/*!40000 ALTER TABLE `group_relations` DISABLE KEYS */;

INSERT INTO `group_relations` (`id`, `group_id`, `user_id`, `project_id`, `course_id`, `accepted_at`, `status`, `created_at`, `updated_at`)
VALUES
	(142,599,157,41,37200,NULL,2,'2014-12-03 02:24:00','2014-12-03 20:52:06'),
	(143,598,190,41,37200,NULL,2,'2014-12-03 02:24:00','2014-12-03 02:24:00'),
	(144,598,163,41,37200,NULL,2,'2014-12-03 02:24:00','2014-12-03 02:24:00'),
	(145,599,150,41,37200,NULL,2,'2014-12-03 02:24:00','2014-12-03 02:24:00'),
	(146,599,354,41,37200,NULL,2,'2014-12-03 02:24:00','2014-12-03 02:24:00'),
	(147,599,176,41,37200,NULL,2,'2014-12-03 02:24:00','2014-12-03 02:24:00'),
	(148,600,156,41,37200,NULL,2,'2014-12-03 02:24:00','2014-12-03 02:24:00'),
	(149,600,160,41,37200,NULL,2,'2014-12-03 02:24:00','2014-12-03 02:24:00'),
	(150,599,342,41,37200,NULL,2,'2014-12-03 02:24:00','2014-12-03 20:54:08'),
	(151,601,186,41,37200,NULL,2,'2014-12-03 02:24:00','2014-12-03 02:24:00'),
	(152,601,151,41,37200,NULL,2,'2014-12-03 02:24:00','2014-12-03 02:24:00'),
	(153,601,171,41,37200,NULL,2,'2014-12-03 02:24:00','2014-12-03 02:24:00'),
	(154,602,189,41,37200,NULL,2,'2014-12-03 02:24:00','2014-12-03 02:24:00'),
	(155,602,188,41,37200,NULL,2,'2014-12-03 02:24:00','2014-12-03 02:24:00'),
	(156,602,196,41,37200,NULL,2,'2014-12-03 02:24:00','2014-12-03 02:24:00'),
	(157,603,173,41,37200,NULL,2,'2014-12-03 02:24:00','2014-12-03 02:24:00'),
	(158,603,4,41,37200,NULL,2,'2014-12-03 02:24:00','2014-12-03 02:24:00'),
	(159,603,169,41,37200,NULL,2,'2014-12-03 02:24:00','2014-12-03 02:24:00'),
	(160,604,154,41,37200,NULL,2,'2014-12-03 02:24:00','2014-12-03 02:24:00'),
	(161,604,177,41,37200,NULL,2,'2014-12-03 02:24:00','2014-12-03 02:24:00'),
	(162,604,174,41,37200,NULL,2,'2014-12-03 02:24:00','2014-12-03 02:24:00'),
	(163,605,0,41,37200,NULL,1,'2014-12-03 02:24:00','2014-12-03 02:24:00'),
	(164,605,148,41,37200,NULL,2,'2014-12-03 02:24:00','2014-12-03 02:24:00'),
	(165,605,349,41,37200,NULL,2,'2014-12-03 02:24:00','2014-12-03 02:24:00'),
	(166,606,179,41,37200,NULL,2,'2014-12-03 02:24:00','2014-12-03 02:24:00'),
	(167,606,182,41,37200,NULL,2,'2014-12-03 02:24:00','2014-12-03 02:24:00'),
	(168,606,195,41,37200,NULL,2,'2014-12-03 02:24:00','2014-12-03 02:24:00'),
	(169,607,344,41,37200,NULL,2,'2014-12-03 02:24:00','2014-12-03 02:24:00'),
	(170,607,351,41,37200,NULL,2,'2014-12-03 02:24:00','2014-12-03 02:24:00'),
	(171,607,183,41,37200,NULL,2,'2014-12-03 02:24:00','2014-12-03 02:24:00'),
	(172,608,155,41,37200,NULL,2,'2014-12-03 02:24:00','2014-12-03 02:24:00'),
	(173,608,159,41,37200,NULL,2,'2014-12-03 02:24:00','2014-12-03 02:24:00'),
	(174,608,350,41,37200,NULL,2,'2014-12-03 02:24:00','2014-12-03 02:24:00'),
	(175,609,352,41,37200,NULL,2,'2014-12-03 02:24:00','2014-12-03 02:24:00'),
	(176,609,168,41,37200,NULL,2,'2014-12-03 02:24:00','2014-12-03 02:24:00'),
	(177,609,178,41,37200,NULL,2,'2014-12-03 02:24:00','2014-12-03 02:24:00'),
	(178,610,153,41,37200,NULL,2,'2014-12-03 02:24:00','2014-12-03 02:24:00'),
	(179,610,149,41,37200,NULL,2,'2014-12-03 02:24:00','2014-12-03 02:24:00'),
	(180,610,346,41,37200,NULL,2,'2014-12-03 02:24:00','2014-12-03 02:24:00'),
	(181,611,165,41,37200,NULL,2,'2014-12-03 02:24:00','2014-12-03 02:24:00'),
	(182,611,170,41,37200,NULL,2,'2014-12-03 02:24:00','2014-12-03 02:24:00'),
	(183,611,347,41,37200,NULL,2,'2014-12-03 02:24:00','2014-12-03 02:24:00'),
	(184,612,288,41,37200,NULL,2,'2014-12-03 02:24:01','2014-12-03 02:24:01'),
	(185,612,187,41,37200,NULL,2,'2014-12-03 02:24:01','2014-12-03 02:24:01'),
	(186,612,343,41,37200,NULL,2,'2014-12-03 02:24:01','2014-12-03 02:24:01'),
	(187,613,161,41,37200,NULL,2,'2014-12-03 02:24:01','2014-12-03 02:24:01'),
	(188,613,192,41,37200,NULL,2,'2014-12-03 02:24:01','2014-12-03 02:24:01'),
	(189,613,152,41,37200,NULL,2,'2014-12-03 02:24:01','2014-12-03 02:24:01'),
	(190,614,193,41,37200,NULL,2,'2014-12-03 02:24:01','2014-12-03 02:24:01'),
	(191,614,172,41,37200,NULL,2,'2014-12-03 02:24:01','2014-12-03 02:24:01'),
	(192,614,353,41,37200,NULL,2,'2014-12-03 02:24:01','2014-12-03 02:24:01'),
	(193,615,289,41,37200,NULL,2,'2014-12-03 02:24:01','2014-12-03 02:24:01'),
	(194,615,191,41,37200,NULL,2,'2014-12-03 02:24:01','2014-12-03 02:24:01'),
	(195,615,180,41,37200,NULL,2,'2014-12-03 02:24:01','2014-12-03 02:24:01'),
	(196,616,5,41,37200,NULL,2,'2014-12-03 02:24:01','2014-12-03 02:24:01'),
	(197,616,175,41,37200,NULL,2,'2014-12-03 02:24:01','2014-12-03 02:24:01'),
	(198,616,164,41,37200,NULL,2,'2014-12-03 02:24:01','2014-12-03 02:24:01'),
	(199,617,194,41,37200,NULL,2,'2014-12-03 02:24:01','2014-12-03 02:24:01'),
	(200,617,185,41,37200,NULL,2,'2014-12-03 02:24:01','2014-12-03 02:24:01'),
	(201,617,158,41,37200,NULL,2,'2014-12-03 02:24:01','2014-12-03 02:24:01'),
	(202,618,184,41,37200,NULL,2,'2014-12-03 02:24:01','2014-12-03 02:24:01'),
	(203,618,166,41,37200,NULL,2,'2014-12-03 02:24:01','2014-12-03 02:24:01'),
	(204,618,162,41,37200,NULL,2,'2014-12-03 02:24:01','2014-12-03 02:24:01'),
	(205,619,167,41,37200,NULL,2,'2014-12-03 02:24:01','2014-12-03 02:24:01'),
	(206,619,147,41,37200,NULL,2,'2014-12-03 02:24:01','2014-12-03 02:24:01'),
	(207,619,290,41,37200,NULL,2,'2014-12-03 02:24:01','2014-12-03 02:24:01'),
	(208,620,0,32,30001,NULL,2,'2014-12-04 23:37:00','2014-12-04 23:37:00'),
	(209,620,181,32,30001,NULL,1,'2014-12-04 23:37:00','2014-12-04 23:37:00'),
	(213,598,181,41,NULL,NULL,2,'2014-12-06 23:34:04','2014-12-06 23:34:04');

/*!40000 ALTER TABLE `group_relations` ENABLE KEYS */;
UNLOCK TABLES;


# Dump of table groups
# ------------------------------------------------------------

LOCK TABLES `groups` WRITE;
/*!40000 ALTER TABLE `groups` DISABLE KEYS */;

INSERT INTO `groups` (`id`, `name`, `limit`, `allow_repeat`, `project_id`, `course_id`, `created_at`, `updated_at`)
VALUES
	(598,'Team 2',NULL,NULL,41,37200,'2014-12-03 02:24:00','2014-12-03 02:24:00'),
	(599,'Team 3',NULL,NULL,41,37200,'2014-12-03 02:24:00','2014-12-03 02:24:00'),
	(600,'Team 4',NULL,NULL,41,37200,'2014-12-03 02:24:00','2014-12-03 02:24:00'),
	(601,'Team 5',NULL,NULL,41,37200,'2014-12-03 02:24:00','2014-12-03 02:24:00'),
	(602,'Team 6',NULL,NULL,41,37200,'2014-12-03 02:24:00','2014-12-03 02:24:00'),
	(603,'Team 7',NULL,NULL,41,37200,'2014-12-03 02:24:00','2014-12-03 02:24:00'),
	(604,'Team 8',NULL,NULL,41,37200,'2014-12-03 02:24:00','2014-12-03 02:24:00'),
	(605,'Team 9',NULL,NULL,41,37200,'2014-12-03 02:24:00','2014-12-03 02:24:00'),
	(606,'Team 10',NULL,NULL,41,37200,'2014-12-03 02:24:00','2014-12-03 02:24:00'),
	(607,'Team 11',NULL,NULL,41,37200,'2014-12-03 02:24:00','2014-12-03 02:24:00'),
	(608,'Team 12',NULL,NULL,41,37200,'2014-12-03 02:24:00','2014-12-03 02:24:00'),
	(609,'Team 13',NULL,NULL,41,37200,'2014-12-03 02:24:00','2014-12-03 02:24:00'),
	(610,'Team 14',NULL,NULL,41,37200,'2014-12-03 02:24:00','2014-12-03 02:24:00'),
	(611,'Team 15',NULL,NULL,41,37200,'2014-12-03 02:24:00','2014-12-03 02:24:00'),
	(612,'Team 16',NULL,NULL,41,37200,'2014-12-03 02:24:01','2014-12-03 02:24:01'),
	(613,'Team 17',NULL,NULL,41,37200,'2014-12-03 02:24:01','2014-12-03 02:24:01'),
	(614,'Team 18',NULL,NULL,41,37200,'2014-12-03 02:24:01','2014-12-03 02:24:01'),
	(615,'Team 19',NULL,NULL,41,37200,'2014-12-03 02:24:01','2014-12-03 02:24:01'),
	(616,'Team 20',NULL,NULL,41,37200,'2014-12-03 02:24:01','2014-12-03 02:24:01'),
	(617,'Team 21',NULL,NULL,41,37200,'2014-12-03 02:24:01','2014-12-03 02:24:01'),
	(618,'Team 22',NULL,NULL,41,37200,'2014-12-03 02:24:01','2014-12-03 02:24:01'),
	(619,'Team 23',NULL,NULL,41,37200,'2014-12-03 02:24:01','2014-12-03 02:24:01'),
	(620,'Christina and Sabina',NULL,NULL,32,30001,'2014-12-04 23:37:00','2014-12-04 23:37:00');

/*!40000 ALTER TABLE `groups` ENABLE KEYS */;
UNLOCK TABLES;


# Dump of table project_relations
# ------------------------------------------------------------

LOCK TABLES `project_relations` WRITE;
/*!40000 ALTER TABLE `project_relations` DISABLE KEYS */;

INSERT INTO `project_relations` (`id`, `project_id`, `course_id`)
VALUES
	(5,5,36601),
	(6,6,36601),
	(7,7,36601),
	(8,10,36601),
	(9,18,36601),
	(10,9,36624),
	(26,20,30001),
	(31,26,36601),
	(34,29,36624),
	(37,32,30001),
	(44,37,36601),
	(48,39,36624),
	(50,40,36684),
	(51,41,37200),
	(52,42,32);

/*!40000 ALTER TABLE `project_relations` ENABLE KEYS */;
UNLOCK TABLES;


# Dump of table projects
# ------------------------------------------------------------

LOCK TABLES `projects` WRITE;
/*!40000 ALTER TABLE `projects` DISABLE KEYS */;

INSERT INTO `projects` (`id`, `name`, `course_id`, `allow_repeat`, `name_gen`, `active`, `group_size`, `autogroup`, `evaluation_id`, `created_at`, `updated_at`)
VALUES
	(0,NULL,0,0,0,1,2,0,NULL,'2014-11-15 01:42:50','2014-11-15 01:42:50'),
	(5,'Linked Lists',36601,1,0,1,2,0,NULL,'2014-11-18 07:00:54','2014-12-02 23:12:37'),
	(6,'Buckets',36601,0,2,1,2,0,NULL,'2014-11-18 07:08:18','2014-12-02 21:36:10'),
	(7,'Smiley Faces',36601,1,0,1,2,0,NULL,'2014-11-18 07:08:37','2014-12-02 23:12:41'),
	(8,'Requirements Elicitation',36624,1,1,1,5,0,NULL,'2014-11-18 17:01:26','2014-11-18 18:44:19'),
	(9,'Lemon Party',36624,1,3,1,3,0,NULL,'2014-11-18 18:41:59','2014-12-02 23:12:52'),
	(10,'Chicken Nuggets',36601,0,1,1,2,0,NULL,'2014-11-18 18:43:37','2014-12-02 21:36:36'),
	(18,'Social Table',37050,0,2,1,3,0,NULL,'2014-11-18 19:42:40','2014-11-19 00:00:40'),
	(20,'In4matx 151  Sec. A - New Project',30001,1,0,1,2,0,NULL,'2014-12-02 19:24:01','2014-12-02 19:24:01'),
	(26,'Credit Card Validation',36601,0,0,1,2,0,NULL,'2014-12-02 21:37:56','2014-12-02 23:12:44'),
	(30,'In4matx 141  Sec. A - New Project',30000,0,0,1,2,0,NULL,'2014-12-02 19:23:54','2014-12-02 19:23:54'),
	(32,'Pygame',30001,1,0,1,2,0,NULL,'2014-12-02 22:22:21','2014-12-02 23:11:58'),
	(37,'Traffic Signal Simulator',36601,1,0,1,4,0,NULL,'2014-12-02 22:49:13','2014-12-02 23:12:07'),
	(40,'WWEEWEW',36684,1,0,1,3,0,NULL,'2014-12-03 00:21:40','2014-12-03 00:21:40'),
	(41,'In4matx 191A  Sec. A - New Project',37200,0,0,1,3,0,NULL,'2014-12-03 00:22:15','2014-12-03 02:23:53'),
	(42,'I&CS 32  Sec. A - New Project',32,0,0,1,2,0,NULL,'2014-12-07 06:17:40','2014-12-07 06:17:40');

/*!40000 ALTER TABLE `projects` ENABLE KEYS */;
UNLOCK TABLES;


# Dump of table rosters
# ------------------------------------------------------------

LOCK TABLES `rosters` WRITE;
/*!40000 ALTER TABLE `rosters` DISABLE KEYS */;

INSERT INTO `rosters` (`id`, `course_id`, `user_id`, `created_at`, `updated_at`)
VALUES
	(1,36601,0,NULL,NULL),
	(2,36601,1,NULL,NULL),
	(3,36601,2,NULL,NULL),
	(4,36601,3,NULL,NULL),
	(5,36601,6,NULL,NULL),
	(6,36624,2,NULL,NULL),
	(7,36624,4,NULL,NULL),
	(8,36624,0,NULL,NULL),
	(10,36624,1,NULL,NULL),
	(11,36684,6,NULL,NULL),
	(13,36684,5,NULL,NULL),
	(14,36684,0,NULL,NULL),
	(15,36684,1,NULL,NULL),
	(16,36684,2,NULL,NULL),
	(817,3001,2,'2014-12-02 19:24:01','2014-12-02 19:24:01'),
	(818,3001,7,'2014-12-02 19:24:01','2014-12-02 19:24:01'),
	(819,3001,8,'2014-12-02 19:24:01','2014-12-02 19:24:01'),
	(820,3001,9,'2014-12-02 19:24:01','2014-12-02 19:24:01'),
	(821,3001,10,'2014-12-02 19:24:01','2014-12-02 19:24:01'),
	(822,3001,11,'2014-12-02 19:24:01','2014-12-02 19:24:01'),
	(823,3001,12,'2014-12-02 19:24:01','2014-12-02 19:24:01'),
	(824,3001,13,'2014-12-02 19:24:01','2014-12-02 19:24:01'),
	(825,3001,14,'2014-12-02 19:24:01','2014-12-02 19:24:01'),
	(826,3001,15,'2014-12-02 19:24:01','2014-12-02 19:24:01'),
	(827,3001,16,'2014-12-02 19:24:01','2014-12-02 19:24:01'),
	(828,3001,17,'2014-12-02 19:24:01','2014-12-02 19:24:01'),
	(829,3001,18,'2014-12-02 19:24:01','2014-12-02 19:24:01'),
	(830,3001,19,'2014-12-02 19:24:01','2014-12-02 19:24:01'),
	(859,3001,48,'2014-12-02 19:24:01','2014-12-02 19:24:01'),
	(860,3001,49,'2014-12-02 19:24:01','2014-12-02 19:24:01'),
	(861,3001,50,'2014-12-02 19:24:01','2014-12-02 19:24:01'),
	(862,3001,51,'2014-12-02 19:24:01','2014-12-02 19:24:01'),
	(863,3001,52,'2014-12-02 19:24:01','2014-12-02 19:24:01'),
	(864,3001,53,'2014-12-02 19:24:01','2014-12-02 19:24:01'),
	(865,3001,54,'2014-12-02 19:24:01','2014-12-02 19:24:01'),
	(866,3001,55,'2014-12-02 19:24:01','2014-12-02 19:24:01'),
	(867,3001,56,'2014-12-02 19:24:01','2014-12-02 19:24:01'),
	(868,3001,57,'2014-12-02 19:24:01','2014-12-02 19:24:01'),
	(869,3001,58,'2014-12-02 19:24:01','2014-12-02 19:24:01'),
	(870,3001,0,'2014-12-02 19:24:01','2014-12-02 19:24:01'),
	(871,3001,4,'2014-12-02 19:24:01','2014-12-02 19:24:01'),
	(872,3001,5,'2014-12-02 19:24:01','2014-12-02 19:24:01'),
	(873,3001,6,'2014-12-02 19:24:01','2014-12-02 19:24:01'),
	(874,3001,1,'2014-12-02 19:24:01','2014-12-02 19:24:01'),
	(1080,3001,59,'2014-12-02 19:30:06','2014-12-02 19:30:06'),
	(1081,3001,60,'2014-12-02 19:30:06','2014-12-02 19:30:06'),
	(1082,3001,61,'2014-12-02 19:30:06','2014-12-02 19:30:06'),
	(1083,3001,62,'2014-12-02 19:30:06','2014-12-02 19:30:06'),
	(1084,3001,63,'2014-12-02 19:30:06','2014-12-02 19:30:06'),
	(1085,3001,64,'2014-12-02 19:30:06','2014-12-02 19:30:06'),
	(1086,3001,65,'2014-12-02 19:30:06','2014-12-02 19:30:06'),
	(1087,3001,66,'2014-12-02 19:30:06','2014-12-02 19:30:06'),
	(1088,3001,67,'2014-12-02 19:30:06','2014-12-02 19:30:06'),
	(1089,3001,68,'2014-12-02 19:30:06','2014-12-02 19:30:06'),
	(1090,3001,69,'2014-12-02 19:30:06','2014-12-02 19:30:06'),
	(1091,3001,70,'2014-12-02 19:30:06','2014-12-02 19:30:06'),
	(1447,30001,2,'2014-12-02 22:31:11','2014-12-02 22:31:11'),
	(1448,30001,147,'2014-12-02 22:31:11','2014-12-02 22:31:11'),
	(1449,30001,148,'2014-12-02 22:31:11','2014-12-02 22:31:11'),
	(1450,30001,149,'2014-12-02 22:31:11','2014-12-02 22:31:11'),
	(1451,30001,150,'2014-12-02 22:31:11','2014-12-02 22:31:11'),
	(1452,30001,151,'2014-12-02 22:31:11','2014-12-02 22:31:11'),
	(1453,30001,152,'2014-12-02 22:31:11','2014-12-02 22:31:11'),
	(1454,30001,153,'2014-12-02 22:31:11','2014-12-02 22:31:11'),
	(1455,30001,154,'2014-12-02 22:31:11','2014-12-02 22:31:11'),
	(1456,30001,155,'2014-12-02 22:31:11','2014-12-02 22:31:11'),
	(1457,30001,156,'2014-12-02 22:31:11','2014-12-02 22:31:11'),
	(1458,30001,157,'2014-12-02 22:31:11','2014-12-02 22:31:11'),
	(1459,30001,158,'2014-12-02 22:31:11','2014-12-02 22:31:11'),
	(1460,30001,159,'2014-12-02 22:31:11','2014-12-02 22:31:11'),
	(1461,30001,160,'2014-12-02 22:31:11','2014-12-02 22:31:11'),
	(1462,30001,161,'2014-12-02 22:31:11','2014-12-02 22:31:11'),
	(1463,30001,162,'2014-12-02 22:31:11','2014-12-02 22:31:11'),
	(1464,30001,163,'2014-12-02 22:31:11','2014-12-02 22:31:11'),
	(1465,30001,164,'2014-12-02 22:31:11','2014-12-02 22:31:11'),
	(1466,30001,165,'2014-12-02 22:31:11','2014-12-02 22:31:11'),
	(1467,30001,166,'2014-12-02 22:31:11','2014-12-02 22:31:11'),
	(1468,30001,167,'2014-12-02 22:31:11','2014-12-02 22:31:11'),
	(1469,30001,168,'2014-12-02 22:31:11','2014-12-02 22:31:11'),
	(1470,30001,169,'2014-12-02 22:31:11','2014-12-02 22:31:11'),
	(1471,30001,170,'2014-12-02 22:31:11','2014-12-02 22:31:11'),
	(1472,30001,171,'2014-12-02 22:31:11','2014-12-02 22:31:11'),
	(1473,30001,172,'2014-12-02 22:31:11','2014-12-02 22:31:11'),
	(1474,30001,173,'2014-12-02 22:31:11','2014-12-02 22:31:11'),
	(1475,30001,174,'2014-12-02 22:31:11','2014-12-02 22:31:11'),
	(1476,30001,175,'2014-12-02 22:31:11','2014-12-02 22:31:11'),
	(1477,30001,176,'2014-12-02 22:31:11','2014-12-02 22:31:11'),
	(1478,30001,177,'2014-12-02 22:31:11','2014-12-02 22:31:11'),
	(1479,30001,178,'2014-12-02 22:31:11','2014-12-02 22:31:11'),
	(1480,30001,179,'2014-12-02 22:31:11','2014-12-02 22:31:11'),
	(1481,30001,180,'2014-12-02 22:31:11','2014-12-02 22:31:11'),
	(1482,30001,181,'2014-12-02 22:31:11','2014-12-02 22:31:11'),
	(1483,30001,182,'2014-12-02 22:31:11','2014-12-02 22:31:11'),
	(1484,30001,183,'2014-12-02 22:31:11','2014-12-02 22:31:11'),
	(1485,30001,184,'2014-12-02 22:31:11','2014-12-02 22:31:11'),
	(1486,30001,185,'2014-12-02 22:31:11','2014-12-02 22:31:11'),
	(1487,30001,186,'2014-12-02 22:31:11','2014-12-02 22:31:11'),
	(1488,30001,187,'2014-12-02 22:31:11','2014-12-02 22:31:11'),
	(1489,30001,188,'2014-12-02 22:31:11','2014-12-02 22:31:11'),
	(1490,30001,189,'2014-12-02 22:31:11','2014-12-02 22:31:11'),
	(1491,30001,190,'2014-12-02 22:31:11','2014-12-02 22:31:11'),
	(1492,30001,191,'2014-12-02 22:31:11','2014-12-02 22:31:11'),
	(1493,30001,192,'2014-12-02 22:31:11','2014-12-02 22:31:11'),
	(1494,30001,193,'2014-12-02 22:31:11','2014-12-02 22:31:11'),
	(1495,30001,194,'2014-12-02 22:31:11','2014-12-02 22:31:11'),
	(1496,30001,195,'2014-12-02 22:31:11','2014-12-02 22:31:11'),
	(1497,30001,196,'2014-12-02 22:31:11','2014-12-02 22:31:11'),
	(1498,30001,197,'2014-12-02 22:31:11','2014-12-02 22:31:11'),
	(1499,30001,198,'2014-12-02 22:31:11','2014-12-02 22:31:11'),
	(1500,30001,0,'2014-12-02 22:31:11','2014-12-02 22:31:11'),
	(1501,30001,4,'2014-12-02 22:31:11','2014-12-02 22:31:11'),
	(1502,30001,5,'2014-12-02 22:31:12','2014-12-02 22:31:12'),
	(1503,30001,199,'2014-12-02 22:31:12','2014-12-02 22:31:12'),
	(1504,30001,1,'2014-12-02 22:31:12','2014-12-02 22:31:12'),
	(2029,37200,2,'2014-12-03 00:22:15','2014-12-03 00:22:15'),
	(2030,37200,184,'2014-12-03 00:22:15','2014-12-03 00:22:15'),
	(2031,37200,185,'2014-12-03 00:22:15','2014-12-03 00:22:15'),
	(2032,37200,186,'2014-12-03 00:22:15','2014-12-03 00:22:15'),
	(2033,37200,187,'2014-12-03 00:22:15','2014-12-03 00:22:15'),
	(2034,37200,188,'2014-12-03 00:22:15','2014-12-03 00:22:15'),
	(2035,37200,189,'2014-12-03 00:22:15','2014-12-03 00:22:15'),
	(2036,37200,190,'2014-12-03 00:22:15','2014-12-03 00:22:15'),
	(2037,37200,191,'2014-12-03 00:22:15','2014-12-03 00:22:15'),
	(2038,37200,192,'2014-12-03 00:22:15','2014-12-03 00:22:15'),
	(2039,37200,193,'2014-12-03 00:22:15','2014-12-03 00:22:15'),
	(2040,37200,194,'2014-12-03 00:22:15','2014-12-03 00:22:15'),
	(2041,37200,195,'2014-12-03 00:22:15','2014-12-03 00:22:15'),
	(2042,37200,196,'2014-12-03 00:22:15','2014-12-03 00:22:15'),
	(2043,37200,288,'2014-12-03 00:22:15','2014-12-03 00:22:15'),
	(2044,37200,289,'2014-12-03 00:22:15','2014-12-03 00:22:15'),
	(2045,37200,0,'2014-12-03 00:22:15','2014-12-03 00:22:15'),
	(2046,37200,4,'2014-12-03 00:22:15','2014-12-03 00:22:15'),
	(2047,37200,5,'2014-12-03 00:22:15','2014-12-03 00:22:15'),
	(2048,37200,290,'2014-12-03 00:22:15','2014-12-03 00:22:15'),
	(2049,37200,1,'2014-12-03 00:22:15','2014-12-03 00:22:15'),
	(2101,37200,342,'2014-12-03 00:22:48','2014-12-03 00:22:48'),
	(2102,37200,343,'2014-12-03 00:22:48','2014-12-03 00:22:48'),
	(2103,37200,344,'2014-12-03 00:22:48','2014-12-03 00:22:48'),
	(2104,37200,345,'2014-12-03 00:22:48','2014-12-03 00:22:48'),
	(2105,37200,346,'2014-12-03 00:22:48','2014-12-03 00:22:48'),
	(2106,37200,347,'2014-12-03 00:22:48','2014-12-03 00:22:48'),
	(2107,37200,348,'2014-12-03 00:22:48','2014-12-03 00:22:48'),
	(2108,37200,349,'2014-12-03 00:22:48','2014-12-03 00:22:48'),
	(2109,37200,350,'2014-12-03 00:22:48','2014-12-03 00:22:48'),
	(2110,37200,351,'2014-12-03 00:22:48','2014-12-03 00:22:48'),
	(2111,37200,352,'2014-12-03 00:22:48','2014-12-03 00:22:48'),
	(2112,37200,353,'2014-12-03 00:22:48','2014-12-03 00:22:48'),
	(2113,37200,354,'2014-12-03 00:22:48','2014-12-03 00:22:48'),
	(2114,37200,147,'2014-12-03 00:22:48','2014-12-03 00:22:48'),
	(2115,37200,148,'2014-12-03 00:22:48','2014-12-03 00:22:48'),
	(2116,37200,149,'2014-12-03 00:22:48','2014-12-03 00:22:48'),
	(2117,37200,150,'2014-12-03 00:22:48','2014-12-03 00:22:48'),
	(2118,37200,151,'2014-12-03 00:22:48','2014-12-03 00:22:48'),
	(2119,37200,152,'2014-12-03 00:22:48','2014-12-03 00:22:48'),
	(2120,37200,153,'2014-12-03 00:22:48','2014-12-03 00:22:48'),
	(2121,37200,154,'2014-12-03 00:22:48','2014-12-03 00:22:48'),
	(2122,37200,155,'2014-12-03 00:22:48','2014-12-03 00:22:48'),
	(2123,37200,156,'2014-12-03 00:22:49','2014-12-03 00:22:49'),
	(2124,37200,157,'2014-12-03 00:22:49','2014-12-03 00:22:49'),
	(2125,37200,158,'2014-12-03 00:22:49','2014-12-03 00:22:49'),
	(2126,37200,159,'2014-12-03 00:22:49','2014-12-03 00:22:49'),
	(2127,37200,160,'2014-12-03 00:22:49','2014-12-03 00:22:49'),
	(2128,37200,161,'2014-12-03 00:22:49','2014-12-03 00:22:49'),
	(2129,37200,162,'2014-12-03 00:22:49','2014-12-03 00:22:49'),
	(2130,37200,163,'2014-12-03 00:22:49','2014-12-03 00:22:49'),
	(2131,37200,164,'2014-12-03 00:22:49','2014-12-03 00:22:49'),
	(2132,37200,165,'2014-12-03 00:22:49','2014-12-03 00:22:49'),
	(2133,37200,166,'2014-12-03 00:22:49','2014-12-03 00:22:49'),
	(2134,37200,167,'2014-12-03 00:22:49','2014-12-03 00:22:49'),
	(2135,37200,168,'2014-12-03 00:22:49','2014-12-03 00:22:49'),
	(2136,37200,169,'2014-12-03 00:22:49','2014-12-03 00:22:49'),
	(2137,37200,170,'2014-12-03 00:22:49','2014-12-03 00:22:49'),
	(2138,37200,171,'2014-12-03 00:22:49','2014-12-03 00:22:49'),
	(2139,37200,172,'2014-12-03 00:22:49','2014-12-03 00:22:49'),
	(2140,37200,173,'2014-12-03 00:22:49','2014-12-03 00:22:49'),
	(2141,37200,174,'2014-12-03 00:22:49','2014-12-03 00:22:49'),
	(2142,37200,175,'2014-12-03 00:22:49','2014-12-03 00:22:49'),
	(2143,37200,176,'2014-12-03 00:22:49','2014-12-03 00:22:49'),
	(2144,37200,177,'2014-12-03 00:22:49','2014-12-03 00:22:49'),
	(2145,37200,178,'2014-12-03 00:22:49','2014-12-03 00:22:49'),
	(2146,37200,179,'2014-12-03 00:22:49','2014-12-03 00:22:49'),
	(2147,37200,180,'2014-12-03 00:22:49','2014-12-03 00:22:49'),
	(2148,37200,181,'2014-12-03 00:22:49','2014-12-03 00:22:49'),
	(2149,37200,182,'2014-12-03 00:22:49','2014-12-03 00:22:49'),
	(2150,37200,183,'2014-12-03 00:22:49','2014-12-03 00:22:49'),
	(2151,37200,3,'2014-12-03 00:22:49','2014-12-03 00:22:49'),
	(2152,36684,147,'2014-12-07 06:12:01','2014-12-07 06:12:01'),
	(2153,36684,148,'2014-12-07 06:12:01','2014-12-07 06:12:01'),
	(2154,36684,149,'2014-12-07 06:12:01','2014-12-07 06:12:01'),
	(2155,36684,150,'2014-12-07 06:12:01','2014-12-07 06:12:01'),
	(2156,36684,151,'2014-12-07 06:12:01','2014-12-07 06:12:01'),
	(2157,36684,152,'2014-12-07 06:12:01','2014-12-07 06:12:01'),
	(2158,36684,153,'2014-12-07 06:12:01','2014-12-07 06:12:01'),
	(2159,36684,154,'2014-12-07 06:12:01','2014-12-07 06:12:01'),
	(2160,36684,155,'2014-12-07 06:12:01','2014-12-07 06:12:01'),
	(2161,36684,156,'2014-12-07 06:12:01','2014-12-07 06:12:01'),
	(2162,36684,157,'2014-12-07 06:12:01','2014-12-07 06:12:01'),
	(2163,36684,158,'2014-12-07 06:12:01','2014-12-07 06:12:01'),
	(2164,36684,159,'2014-12-07 06:12:01','2014-12-07 06:12:01'),
	(2165,36684,160,'2014-12-07 06:12:01','2014-12-07 06:12:01'),
	(2166,36684,161,'2014-12-07 06:12:01','2014-12-07 06:12:01'),
	(2167,36684,162,'2014-12-07 06:12:01','2014-12-07 06:12:01'),
	(2168,36684,163,'2014-12-07 06:12:01','2014-12-07 06:12:01'),
	(2169,36684,164,'2014-12-07 06:12:01','2014-12-07 06:12:01'),
	(2170,36684,165,'2014-12-07 06:12:01','2014-12-07 06:12:01'),
	(2171,36684,166,'2014-12-07 06:12:01','2014-12-07 06:12:01'),
	(2172,36684,167,'2014-12-07 06:12:01','2014-12-07 06:12:01'),
	(2173,36684,168,'2014-12-07 06:12:01','2014-12-07 06:12:01'),
	(2174,36684,169,'2014-12-07 06:12:01','2014-12-07 06:12:01'),
	(2175,36684,170,'2014-12-07 06:12:01','2014-12-07 06:12:01'),
	(2176,36684,171,'2014-12-07 06:12:01','2014-12-07 06:12:01'),
	(2177,36684,172,'2014-12-07 06:12:01','2014-12-07 06:12:01'),
	(2178,36684,173,'2014-12-07 06:12:01','2014-12-07 06:12:01'),
	(2179,36684,174,'2014-12-07 06:12:01','2014-12-07 06:12:01'),
	(2180,36684,175,'2014-12-07 06:12:01','2014-12-07 06:12:01'),
	(2181,36684,176,'2014-12-07 06:12:01','2014-12-07 06:12:01'),
	(2182,36684,177,'2014-12-07 06:12:01','2014-12-07 06:12:01'),
	(2183,36684,178,'2014-12-07 06:12:01','2014-12-07 06:12:01'),
	(2184,36684,179,'2014-12-07 06:12:01','2014-12-07 06:12:01'),
	(2185,36684,180,'2014-12-07 06:12:01','2014-12-07 06:12:01'),
	(2186,36684,181,'2014-12-07 06:12:01','2014-12-07 06:12:01'),
	(2187,36684,182,'2014-12-07 06:12:01','2014-12-07 06:12:01'),
	(2188,36684,183,'2014-12-07 06:12:01','2014-12-07 06:12:01'),
	(2189,36684,184,'2014-12-07 06:12:01','2014-12-07 06:12:01'),
	(2190,36684,185,'2014-12-07 06:12:01','2014-12-07 06:12:01'),
	(2191,36684,186,'2014-12-07 06:12:01','2014-12-07 06:12:01'),
	(2192,36684,187,'2014-12-07 06:12:01','2014-12-07 06:12:01'),
	(2193,36684,188,'2014-12-07 06:12:01','2014-12-07 06:12:01'),
	(2194,36684,189,'2014-12-07 06:12:01','2014-12-07 06:12:01'),
	(2195,36684,190,'2014-12-07 06:12:01','2014-12-07 06:12:01'),
	(2196,36684,191,'2014-12-07 06:12:01','2014-12-07 06:12:01'),
	(2197,36684,192,'2014-12-07 06:12:01','2014-12-07 06:12:01'),
	(2198,36684,193,'2014-12-07 06:12:01','2014-12-07 06:12:01'),
	(2199,36684,194,'2014-12-07 06:12:02','2014-12-07 06:12:02'),
	(2200,36684,195,'2014-12-07 06:12:02','2014-12-07 06:12:02'),
	(2201,36684,196,'2014-12-07 06:12:02','2014-12-07 06:12:02'),
	(2202,36684,288,'2014-12-07 06:12:02','2014-12-07 06:12:02'),
	(2203,36684,289,'2014-12-07 06:12:02','2014-12-07 06:12:02'),
	(2204,36684,4,'2014-12-07 06:12:02','2014-12-07 06:12:02'),
	(2205,36684,290,'2014-12-07 06:12:02','2014-12-07 06:12:02'),
	(2206,36624,147,'2014-12-07 06:12:11','2014-12-07 06:12:11'),
	(2207,36624,148,'2014-12-07 06:12:11','2014-12-07 06:12:11'),
	(2208,36624,149,'2014-12-07 06:12:11','2014-12-07 06:12:11'),
	(2209,36624,150,'2014-12-07 06:12:11','2014-12-07 06:12:11'),
	(2210,36624,151,'2014-12-07 06:12:11','2014-12-07 06:12:11'),
	(2211,36624,152,'2014-12-07 06:12:11','2014-12-07 06:12:11'),
	(2212,36624,153,'2014-12-07 06:12:11','2014-12-07 06:12:11'),
	(2213,36624,154,'2014-12-07 06:12:11','2014-12-07 06:12:11'),
	(2214,36624,155,'2014-12-07 06:12:11','2014-12-07 06:12:11'),
	(2215,36624,156,'2014-12-07 06:12:11','2014-12-07 06:12:11'),
	(2216,36624,157,'2014-12-07 06:12:11','2014-12-07 06:12:11'),
	(2217,36624,158,'2014-12-07 06:12:11','2014-12-07 06:12:11'),
	(2218,36624,159,'2014-12-07 06:12:11','2014-12-07 06:12:11'),
	(2219,36624,160,'2014-12-07 06:12:11','2014-12-07 06:12:11'),
	(2220,36624,161,'2014-12-07 06:12:11','2014-12-07 06:12:11'),
	(2221,36624,162,'2014-12-07 06:12:11','2014-12-07 06:12:11'),
	(2222,36624,163,'2014-12-07 06:12:11','2014-12-07 06:12:11'),
	(2223,36624,164,'2014-12-07 06:12:11','2014-12-07 06:12:11'),
	(2224,36624,165,'2014-12-07 06:12:11','2014-12-07 06:12:11'),
	(2225,36624,166,'2014-12-07 06:12:11','2014-12-07 06:12:11'),
	(2226,36624,167,'2014-12-07 06:12:11','2014-12-07 06:12:11'),
	(2227,36624,168,'2014-12-07 06:12:11','2014-12-07 06:12:11'),
	(2228,36624,169,'2014-12-07 06:12:11','2014-12-07 06:12:11'),
	(2229,36624,170,'2014-12-07 06:12:11','2014-12-07 06:12:11'),
	(2230,36624,171,'2014-12-07 06:12:11','2014-12-07 06:12:11'),
	(2231,36624,172,'2014-12-07 06:12:11','2014-12-07 06:12:11'),
	(2232,36624,173,'2014-12-07 06:12:12','2014-12-07 06:12:12'),
	(2233,36624,174,'2014-12-07 06:12:12','2014-12-07 06:12:12'),
	(2234,36624,175,'2014-12-07 06:12:12','2014-12-07 06:12:12'),
	(2235,36624,176,'2014-12-07 06:12:12','2014-12-07 06:12:12'),
	(2236,36624,177,'2014-12-07 06:12:12','2014-12-07 06:12:12'),
	(2237,36624,178,'2014-12-07 06:12:12','2014-12-07 06:12:12'),
	(2238,36624,179,'2014-12-07 06:12:12','2014-12-07 06:12:12'),
	(2239,36624,180,'2014-12-07 06:12:12','2014-12-07 06:12:12'),
	(2240,36624,181,'2014-12-07 06:12:12','2014-12-07 06:12:12'),
	(2241,36624,182,'2014-12-07 06:12:12','2014-12-07 06:12:12'),
	(2242,36624,183,'2014-12-07 06:12:12','2014-12-07 06:12:12'),
	(2243,36624,184,'2014-12-07 06:12:12','2014-12-07 06:12:12'),
	(2244,36624,185,'2014-12-07 06:12:12','2014-12-07 06:12:12'),
	(2245,36624,186,'2014-12-07 06:12:12','2014-12-07 06:12:12'),
	(2246,36624,187,'2014-12-07 06:12:12','2014-12-07 06:12:12'),
	(2247,36624,188,'2014-12-07 06:12:12','2014-12-07 06:12:12'),
	(2248,36624,189,'2014-12-07 06:12:12','2014-12-07 06:12:12'),
	(2249,36624,190,'2014-12-07 06:12:12','2014-12-07 06:12:12'),
	(2250,36624,191,'2014-12-07 06:12:12','2014-12-07 06:12:12'),
	(2251,36624,192,'2014-12-07 06:12:12','2014-12-07 06:12:12'),
	(2252,36624,193,'2014-12-07 06:12:12','2014-12-07 06:12:12'),
	(2253,36624,194,'2014-12-07 06:12:12','2014-12-07 06:12:12'),
	(2254,36624,195,'2014-12-07 06:12:12','2014-12-07 06:12:12'),
	(2255,36624,196,'2014-12-07 06:12:12','2014-12-07 06:12:12'),
	(2256,36624,288,'2014-12-07 06:12:12','2014-12-07 06:12:12'),
	(2257,36624,289,'2014-12-07 06:12:12','2014-12-07 06:12:12'),
	(2258,36624,5,'2014-12-07 06:12:12','2014-12-07 06:12:12'),
	(2259,36624,290,'2014-12-07 06:12:12','2014-12-07 06:12:12'),
	(2260,32,2,'2014-12-07 06:17:40','2014-12-07 06:17:40'),
	(2261,32,147,'2014-12-07 06:17:40','2014-12-07 06:17:40'),
	(2262,32,148,'2014-12-07 06:17:40','2014-12-07 06:17:40'),
	(2263,32,149,'2014-12-07 06:17:40','2014-12-07 06:17:40'),
	(2264,32,150,'2014-12-07 06:17:40','2014-12-07 06:17:40'),
	(2265,32,151,'2014-12-07 06:17:40','2014-12-07 06:17:40'),
	(2266,32,152,'2014-12-07 06:17:40','2014-12-07 06:17:40'),
	(2267,32,153,'2014-12-07 06:17:40','2014-12-07 06:17:40'),
	(2268,32,154,'2014-12-07 06:17:40','2014-12-07 06:17:40'),
	(2269,32,155,'2014-12-07 06:17:40','2014-12-07 06:17:40'),
	(2270,32,156,'2014-12-07 06:17:40','2014-12-07 06:17:40'),
	(2271,32,157,'2014-12-07 06:17:40','2014-12-07 06:17:40'),
	(2272,32,158,'2014-12-07 06:17:40','2014-12-07 06:17:40'),
	(2273,32,159,'2014-12-07 06:17:40','2014-12-07 06:17:40'),
	(2274,32,160,'2014-12-07 06:17:40','2014-12-07 06:17:40'),
	(2275,32,161,'2014-12-07 06:17:40','2014-12-07 06:17:40'),
	(2276,32,162,'2014-12-07 06:17:40','2014-12-07 06:17:40'),
	(2277,32,163,'2014-12-07 06:17:40','2014-12-07 06:17:40'),
	(2278,32,164,'2014-12-07 06:17:40','2014-12-07 06:17:40'),
	(2279,32,165,'2014-12-07 06:17:41','2014-12-07 06:17:41'),
	(2280,32,166,'2014-12-07 06:17:41','2014-12-07 06:17:41'),
	(2281,32,167,'2014-12-07 06:17:41','2014-12-07 06:17:41'),
	(2282,32,168,'2014-12-07 06:17:41','2014-12-07 06:17:41'),
	(2283,32,169,'2014-12-07 06:17:41','2014-12-07 06:17:41'),
	(2284,32,170,'2014-12-07 06:17:41','2014-12-07 06:17:41'),
	(2285,32,171,'2014-12-07 06:17:41','2014-12-07 06:17:41'),
	(2286,32,172,'2014-12-07 06:17:41','2014-12-07 06:17:41'),
	(2287,32,173,'2014-12-07 06:17:41','2014-12-07 06:17:41'),
	(2288,32,174,'2014-12-07 06:17:41','2014-12-07 06:17:41'),
	(2289,32,175,'2014-12-07 06:17:41','2014-12-07 06:17:41'),
	(2290,32,176,'2014-12-07 06:17:41','2014-12-07 06:17:41'),
	(2291,32,177,'2014-12-07 06:17:41','2014-12-07 06:17:41'),
	(2292,32,178,'2014-12-07 06:17:41','2014-12-07 06:17:41'),
	(2293,32,179,'2014-12-07 06:17:41','2014-12-07 06:17:41'),
	(2294,32,180,'2014-12-07 06:17:41','2014-12-07 06:17:41'),
	(2295,32,181,'2014-12-07 06:17:41','2014-12-07 06:17:41'),
	(2296,32,182,'2014-12-07 06:17:41','2014-12-07 06:17:41'),
	(2297,32,183,'2014-12-07 06:17:41','2014-12-07 06:17:41'),
	(2298,32,184,'2014-12-07 06:17:41','2014-12-07 06:17:41'),
	(2299,32,185,'2014-12-07 06:17:41','2014-12-07 06:17:41'),
	(2300,32,186,'2014-12-07 06:17:41','2014-12-07 06:17:41'),
	(2301,32,187,'2014-12-07 06:17:41','2014-12-07 06:17:41'),
	(2302,32,188,'2014-12-07 06:17:41','2014-12-07 06:17:41'),
	(2303,32,189,'2014-12-07 06:17:41','2014-12-07 06:17:41'),
	(2304,32,190,'2014-12-07 06:17:41','2014-12-07 06:17:41'),
	(2305,32,191,'2014-12-07 06:17:41','2014-12-07 06:17:41'),
	(2306,32,192,'2014-12-07 06:17:41','2014-12-07 06:17:41'),
	(2307,32,193,'2014-12-07 06:17:41','2014-12-07 06:17:41'),
	(2308,32,194,'2014-12-07 06:17:41','2014-12-07 06:17:41'),
	(2309,32,195,'2014-12-07 06:17:41','2014-12-07 06:17:41'),
	(2310,32,196,'2014-12-07 06:17:41','2014-12-07 06:17:41'),
	(2311,32,288,'2014-12-07 06:17:41','2014-12-07 06:17:41'),
	(2312,32,289,'2014-12-07 06:17:41','2014-12-07 06:17:41'),
	(2313,32,0,'2014-12-07 06:17:41','2014-12-07 06:17:41'),
	(2314,32,4,'2014-12-07 06:17:41','2014-12-07 06:17:41'),
	(2315,32,5,'2014-12-07 06:17:41','2014-12-07 06:17:41'),
	(2316,32,290,'2014-12-07 06:17:41','2014-12-07 06:17:41'),
	(2317,32,1,'2014-12-07 06:17:41','2014-12-07 06:17:41');

/*!40000 ALTER TABLE `rosters` ENABLE KEYS */;
UNLOCK TABLES;


# Dump of table users
# ------------------------------------------------------------

LOCK TABLES `users` WRITE;
/*!40000 ALTER TABLE `users` DISABLE KEYS */;

INSERT INTO `users` (`id`, `ucinetid`, `uci_affiliations`, `first_name`, `last_name`, `role`, `email`, `current_course`, `current_project`, `description`, `availability`, `sign_in_count`, `current_sign_in_at`, `last_sign_in_at`, `current_sign_in_ip`, `last_sign_in_ip`, `age_in_seconds`, `avatar_file_name`, `avatar_content_type`, `avatar_file_size`, `avatar_updated_at`, `created_at`, `updated_at`)
VALUES
	(0,'ryderc','student','Christina','Ryder',0,'ryderc@uci.edu',32,42,'','Tuesdays after 5pm',115,'2014-12-07 05:49:23','2014-12-06 22:08:47','127.0.0.1','127.0.0.1',NULL,'1.jpg','image/jpeg',35914,'2014-11-18 06:57:42',NULL,'2014-12-07 06:17:41'),
	(1,'msilberm','student, staff','Michael','Silberman',1,'msilberm@uci.edu',32,42,'','',12,'2014-10-23 00:30:09','2014-10-22 23:55:41','127.0.0.1','127.0.0.1',NULL,NULL,NULL,NULL,NULL,NULL,'2014-12-07 06:17:41'),
	(2,'kay','staff,faculty,employee','David G','Kay',2,'kay@uci.edu',32,42,'PAIR PROMRAGING!!!!','',55,'2014-12-07 06:13:23','2014-12-07 06:11:47','127.0.0.1','127.0.0.1',NULL,NULL,NULL,NULL,NULL,NULL,'2014-12-07 06:17:40'),
	(3,'ziv','student,staff,faculty,employee','Hadar','Ziv',3,'ziv@uci.edu',37200,41,'','',8,'2014-12-02 22:44:42','2014-11-18 07:06:31','127.0.0.1','127.0.0.1',NULL,NULL,NULL,NULL,NULL,NULL,'2014-12-03 00:22:49'),
	(4,'imcnicol','student','Ian','Mcnicol',0,'imcnicol@uci.edu',32,42,'','',10,'2014-11-06 21:19:03','2014-11-06 20:37:26','127.0.0.1','127.0.0.1',NULL,NULL,NULL,NULL,NULL,NULL,'2014-12-07 06:17:41'),
	(5,'vdhingrej','student','Vinayak','Dhingreja',0,'vdhingrej@uci.edu',32,42,'','',18,'2014-11-22 23:21:50','2014-11-19 04:02:58','127.0.0.1','127.0.0.1',NULL,NULL,NULL,NULL,NULL,NULL,'2014-12-07 06:17:41'),
	(147,'dewaltg','student','Glenn','Dewalt',0,'dewaltg@uci.edu',32,42,'','',0,NULL,NULL,NULL,NULL,NULL,NULL,NULL,NULL,NULL,'2014-12-02 22:30:34','2014-12-07 06:17:40'),
	(148,'edmistons','student','Sharla','Edmiston',0,'edmistons@uci.edu',32,42,'','',0,NULL,NULL,NULL,NULL,NULL,NULL,NULL,NULL,NULL,'2014-12-02 22:30:34','2014-12-07 06:17:40'),
	(149,'torgersenf','student','Felicia','Torgersen',0,'torgersenf@uci.edu',32,42,'','',0,NULL,NULL,NULL,NULL,NULL,NULL,NULL,NULL,NULL,'2014-12-02 22:30:34','2014-12-07 06:17:40'),
	(150,'moritah','student','Harvey','Morita',0,'moritah@uci.edu',32,42,'','',0,NULL,NULL,NULL,NULL,NULL,NULL,NULL,NULL,NULL,'2014-12-02 22:30:34','2014-12-07 06:17:40'),
	(151,'kovacc','student','Corina','Kovac',0,'kovacc@uci.edu',32,42,'','',0,NULL,NULL,NULL,NULL,NULL,NULL,NULL,NULL,NULL,'2014-12-02 22:30:34','2014-12-07 06:17:40'),
	(152,'cantrellee','student','Ermelinda','Cantrelle',0,'cantrellee@uci.edu',32,42,'','',0,NULL,NULL,NULL,NULL,NULL,NULL,NULL,NULL,NULL,'2014-12-02 22:30:34','2014-12-07 06:17:40'),
	(153,'sylvestm','student','May','Sylvest',0,'sylvestm@uci.edu',32,42,'','',0,NULL,NULL,NULL,NULL,NULL,NULL,NULL,NULL,NULL,'2014-12-02 22:30:34','2014-12-07 06:17:40'),
	(154,'heinsc','student','Celestina','Heins',0,'heinsc@uci.edu',32,42,'','',0,NULL,NULL,NULL,NULL,NULL,NULL,NULL,NULL,NULL,'2014-12-02 22:30:34','2014-12-07 06:17:40'),
	(155,'konecnym','student','Major','Konecny',0,'konecnym@uci.edu',32,42,'','',0,NULL,NULL,NULL,NULL,NULL,NULL,NULL,NULL,NULL,'2014-12-02 22:30:34','2014-12-07 06:17:40'),
	(156,'lindleym','student','Mallory','Lindley',0,'lindleym@uci.edu',32,42,'','',0,NULL,NULL,NULL,NULL,NULL,NULL,NULL,NULL,NULL,'2014-12-02 22:30:34','2014-12-07 06:17:40'),
	(157,'meyery','student','Yuette','Meyer',0,'meyery@uci.edu',32,42,'','',0,NULL,NULL,NULL,NULL,NULL,NULL,NULL,NULL,NULL,'2014-12-02 22:30:34','2014-12-07 06:17:40'),
	(158,'brundiges','student','Sade','Brundige',0,'brundiges@uci.edu',32,42,'','',0,NULL,NULL,NULL,NULL,NULL,NULL,NULL,NULL,NULL,'2014-12-02 22:30:34','2014-12-07 06:17:40'),
	(159,'shuek','student','Kemberly','Shue',0,'shuek@uci.edu',32,42,'','',0,NULL,NULL,NULL,NULL,NULL,NULL,NULL,NULL,NULL,'2014-12-02 22:30:34','2014-12-07 06:17:40'),
	(160,'comfortc','student','Carey','Comfort',0,'comfortc@uci.edu',32,42,'','',0,NULL,NULL,NULL,NULL,NULL,NULL,NULL,NULL,NULL,'2014-12-02 22:30:34','2014-12-07 06:17:40'),
	(161,'bowsherr','student','Regena','Bowsher',0,'bowsherr@uci.edu',32,42,'','',0,NULL,NULL,NULL,NULL,NULL,NULL,NULL,NULL,NULL,'2014-12-02 22:30:34','2014-12-07 06:17:40'),
	(162,'oesterlings','student','Samual','Oesterling',0,'oesterlings@uci.edu',32,42,'','',0,NULL,NULL,NULL,NULL,NULL,NULL,NULL,NULL,NULL,'2014-12-02 22:30:34','2014-12-07 06:17:40'),
	(163,'sellarss','student','Star','Sellars',0,'sellarss@uci.edu',32,42,'','',0,NULL,NULL,NULL,NULL,NULL,NULL,NULL,NULL,NULL,'2014-12-02 22:30:34','2014-12-07 06:17:40'),
	(164,'loveridged','student','Doretta','Loveridge',0,'loveridged@uci.edu',32,42,'','',0,NULL,NULL,NULL,NULL,NULL,NULL,NULL,NULL,NULL,'2014-12-02 22:30:34','2014-12-07 06:17:40'),
	(165,'espiritun','student','Nickolas','Espiritu',0,'espiritun@uci.edu',32,42,'','',0,NULL,NULL,NULL,NULL,NULL,NULL,NULL,NULL,NULL,'2014-12-02 22:30:34','2014-12-07 06:17:41'),
	(166,'lambrechth','student','Heidy','Lambrecht',0,'lambrechth@uci.edu',32,42,'','',0,NULL,NULL,NULL,NULL,NULL,NULL,NULL,NULL,NULL,'2014-12-02 22:30:34','2014-12-07 06:17:41'),
	(167,'inoues','student','Stormy','Inoue',0,'inoues@uci.edu',32,42,'','',0,NULL,NULL,NULL,NULL,NULL,NULL,NULL,NULL,NULL,'2014-12-02 22:30:34','2014-12-07 06:17:41'),
	(168,'cockrellk','student','Kimber','Cockrell',0,'cockrellk@uci.edu',32,42,'','',0,NULL,NULL,NULL,NULL,NULL,NULL,NULL,NULL,NULL,'2014-12-02 22:30:34','2014-12-07 06:17:41'),
	(169,'jantzenk','student','Karyn','Jantzen',0,'jantzenk@uci.edu',32,42,'','',0,NULL,NULL,NULL,NULL,NULL,NULL,NULL,NULL,NULL,'2014-12-02 22:30:34','2014-12-07 06:17:41'),
	(170,'kohutc','student','Chu','Kohut',0,'kohutc@uci.edu',32,42,'','',0,NULL,NULL,NULL,NULL,NULL,NULL,NULL,NULL,NULL,'2014-12-02 22:30:34','2014-12-07 06:17:41'),
	(171,'torress','student','Shari','Torres',0,'torress@uci.edu',32,42,'','',0,NULL,NULL,NULL,NULL,NULL,NULL,NULL,NULL,NULL,'2014-12-02 22:30:34','2014-12-07 06:17:41'),
	(172,'manseaud','student','Duane','Manseau',0,'manseaud@uci.edu',32,42,'','',0,NULL,NULL,NULL,NULL,NULL,NULL,NULL,NULL,NULL,'2014-12-02 22:30:34','2014-12-07 06:17:41'),
	(173,'canavand','student','Delana','Canavan',0,'canavand@uci.edu',32,42,'','',0,NULL,NULL,NULL,NULL,NULL,NULL,NULL,NULL,NULL,'2014-12-02 22:30:34','2014-12-07 06:17:41'),
	(174,'foardc','student','Charlie','Foard',0,'foardc@uci.edu',32,42,'','',0,NULL,NULL,NULL,NULL,NULL,NULL,NULL,NULL,NULL,'2014-12-02 22:30:34','2014-12-07 06:17:41'),
	(175,'khalsaj','student','Joni','Khalsa',0,'khalsaj@uci.edu',32,42,'','',0,NULL,NULL,NULL,NULL,NULL,NULL,NULL,NULL,NULL,'2014-12-02 22:30:34','2014-12-07 06:17:41'),
	(176,'calkinsl','student','Leia','Calkins',0,'calkinsl@uci.edu',32,42,'','',0,NULL,NULL,NULL,NULL,NULL,NULL,NULL,NULL,NULL,'2014-12-02 22:30:34','2014-12-07 06:17:41'),
	(177,'youngquistd','student','Dominque','Youngquist',0,'youngquistd@uci.edu',32,42,'','',0,NULL,NULL,NULL,NULL,NULL,NULL,NULL,NULL,NULL,'2014-12-02 22:30:34','2014-12-07 06:17:41'),
	(178,'hammittd','student','Dirk','Hammitt',0,'hammittd@uci.edu',32,42,'','',0,NULL,NULL,NULL,NULL,NULL,NULL,NULL,NULL,NULL,'2014-12-02 22:30:34','2014-12-07 06:17:41'),
	(179,'brackenss','student','Sonya','Brackens',0,'brackenss@uci.edu',32,42,'','',0,NULL,NULL,NULL,NULL,NULL,NULL,NULL,NULL,NULL,'2014-12-02 22:30:34','2014-12-07 06:17:41'),
	(180,'sinclairk','student','Kathline','Sinclair',0,'sinclairk@uci.edu',32,42,'','',0,NULL,NULL,NULL,NULL,NULL,NULL,NULL,NULL,NULL,'2014-12-02 22:30:34','2014-12-07 06:17:41'),
	(181,'boths','student','Sabina','Both',0,'boths@uci.edu',32,42,'','',0,NULL,NULL,NULL,NULL,NULL,NULL,NULL,NULL,NULL,'2014-12-02 22:30:34','2014-12-07 06:17:41'),
	(182,'mosqueral','student','Lorriane','Mosquera',0,'mosqueral@uci.edu',32,42,'','',0,NULL,NULL,NULL,NULL,NULL,NULL,NULL,NULL,NULL,'2014-12-02 22:30:34','2014-12-07 06:17:41'),
	(183,'braunj','student','Jamal','Braun',0,'braunj@uci.edu',32,42,'','',0,NULL,NULL,NULL,NULL,NULL,NULL,NULL,NULL,NULL,'2014-12-02 22:30:35','2014-12-07 06:17:41'),
	(184,'jessep','student','Phylis','Jesse',0,'jessep@uci.edu',32,42,'','',0,NULL,NULL,NULL,NULL,NULL,NULL,NULL,NULL,NULL,'2014-12-02 22:30:35','2014-12-07 06:17:41'),
	(185,'durenm','student','Marget','Duren',0,'durenm@uci.edu',32,42,'','',0,NULL,NULL,NULL,NULL,NULL,NULL,NULL,NULL,NULL,'2014-12-02 22:30:35','2014-12-07 06:17:41'),
	(186,'goldsteins','student','Saturnina','Goldstein',0,'goldsteins@uci.edu',32,42,'','',0,NULL,NULL,NULL,NULL,NULL,NULL,NULL,NULL,NULL,'2014-12-02 22:30:35','2014-12-07 06:17:41'),
	(187,'briskij','student','Joselyn','Briski',0,'briskij@uci.edu',32,42,'','',0,NULL,NULL,NULL,NULL,NULL,NULL,NULL,NULL,NULL,'2014-12-02 22:30:35','2014-12-07 06:17:41'),
	(188,'ortegond','student','Diedre','Ortegon',0,'ortegond@uci.edu',32,42,'','',0,NULL,NULL,NULL,NULL,NULL,NULL,NULL,NULL,NULL,'2014-12-02 22:30:35','2014-12-07 06:17:41'),
	(189,'mclendond','student','Dawne','Mclendon',0,'mclendond@uci.edu',32,42,'','',0,NULL,NULL,NULL,NULL,NULL,NULL,NULL,NULL,NULL,'2014-12-02 22:30:35','2014-12-07 06:17:41'),
	(190,'hoya','student','Allen','Hoy',0,'hoya@uci.edu',32,42,'','',0,NULL,NULL,NULL,NULL,NULL,NULL,NULL,NULL,NULL,'2014-12-02 22:30:35','2014-12-07 06:17:41'),
	(191,'herringtons','student','Sima','Herrington',0,'herringtons@uci.edu',32,42,'','',0,NULL,NULL,NULL,NULL,NULL,NULL,NULL,NULL,NULL,'2014-12-02 22:30:35','2014-12-07 06:17:41'),
	(192,'pullinsn','student','Neva','Pullins',0,'pullinsn@uci.edu',32,42,'','',0,NULL,NULL,NULL,NULL,NULL,NULL,NULL,NULL,NULL,'2014-12-02 22:30:35','2014-12-07 06:17:41'),
	(193,'kovacm','student','Marian','Kovac',0,'kovacm@uci.edu',32,42,'','',0,NULL,NULL,NULL,NULL,NULL,NULL,NULL,NULL,NULL,'2014-12-02 22:30:35','2014-12-07 06:17:41'),
	(194,'braswellm','student','Magdalen','Braswell',0,'braswellm@uci.edu',32,42,'','',0,NULL,NULL,NULL,NULL,NULL,NULL,NULL,NULL,NULL,'2014-12-02 22:30:35','2014-12-07 06:17:41'),
	(195,'caleym','student','Mario','Caley',0,'caleym@uci.edu',32,42,'','',0,NULL,NULL,NULL,NULL,NULL,NULL,NULL,NULL,NULL,'2014-12-02 22:30:35','2014-12-07 06:17:41'),
	(196,'mellv','student','Valeria','Mell',0,'mellv@uci.edu',32,42,'','',0,NULL,NULL,NULL,NULL,NULL,NULL,NULL,NULL,NULL,'2014-12-02 22:30:35','2014-12-07 06:17:41'),
	(209,'psalas','student','Salas','Priscilla',0,'psalas@uci.edu',0,0,'','',0,NULL,NULL,NULL,NULL,NULL,NULL,NULL,NULL,NULL,'2014-12-02 22:33:19','2014-12-02 22:52:29'),
	(210,'lschmidt','student','Schmidt','Larissa',0,'lschmidt@uci.edu',0,0,'','',0,NULL,NULL,NULL,NULL,NULL,NULL,NULL,NULL,NULL,'2014-12-02 22:33:19','2014-12-02 22:52:29'),
	(211,'efuentes','student','Fuentes','Ebony',0,'efuentes@uci.edu',0,0,'','',0,NULL,NULL,NULL,NULL,NULL,NULL,NULL,NULL,NULL,'2014-12-02 22:33:19','2014-12-02 22:52:29'),
	(212,'khart','student','Hart','Kylan',0,'khart@uci.edu',0,0,'','',0,NULL,NULL,NULL,NULL,NULL,NULL,NULL,NULL,NULL,'2014-12-02 22:33:19','2014-12-02 22:52:29'),
	(213,'hdorsey','student','Dorsey','Hayfa',0,'hdorsey@uci.edu',0,0,'','',0,NULL,NULL,NULL,NULL,NULL,NULL,NULL,NULL,NULL,'2014-12-02 22:33:19','2014-12-02 22:52:29'),
	(214,'wmoss','student','Moss','Wesley',0,'wmoss@uci.edu',0,0,'','',0,NULL,NULL,NULL,NULL,NULL,NULL,NULL,NULL,NULL,'2014-12-02 22:33:19','2014-12-02 22:52:29'),
	(215,'jdoyle','student','Doyle','Jarrod',0,'jdoyle@uci.edu',0,0,'','',0,NULL,NULL,NULL,NULL,NULL,NULL,NULL,NULL,NULL,'2014-12-02 22:33:19','2014-12-02 22:52:29'),
	(216,'akelley','student','Kelley','Aspen',0,'akelley@uci.edu',0,0,'','',0,NULL,NULL,NULL,NULL,NULL,NULL,NULL,NULL,NULL,'2014-12-02 22:33:19','2014-12-02 22:52:29'),
	(217,'nmcguire','student','Mcguire','Nehru',0,'nmcguire@uci.edu',0,0,'','',0,NULL,NULL,NULL,NULL,NULL,NULL,NULL,NULL,NULL,'2014-12-02 22:33:19','2014-12-02 22:52:29'),
	(218,'mmosley','student','Mosley','May',0,'mmosley@uci.edu',0,0,'','',0,NULL,NULL,NULL,NULL,NULL,NULL,NULL,NULL,NULL,'2014-12-02 22:33:19','2014-12-02 22:52:29'),
	(219,'avaldez','student','Valdez','Autumn',0,'avaldez@uci.edu',0,0,'','',0,NULL,NULL,NULL,NULL,NULL,NULL,NULL,NULL,NULL,'2014-12-02 22:33:19','2014-12-02 22:52:29'),
	(220,'hroach','student','Roach','Hilel',0,'hroach@uci.edu',0,0,'','',0,NULL,NULL,NULL,NULL,NULL,NULL,NULL,NULL,NULL,'2014-12-02 22:33:20','2014-12-02 22:52:29'),
	(221,'oanthony','student','Anthony','Oscar',0,'oanthony@uci.edu',0,0,'','',0,NULL,NULL,NULL,NULL,NULL,NULL,NULL,NULL,NULL,'2014-12-02 22:33:20','2014-12-02 22:52:29'),
	(222,'droach','student','Roach','Demetria',0,'droach@uci.edu',0,0,'','',0,NULL,NULL,NULL,NULL,NULL,NULL,NULL,NULL,NULL,'2014-12-02 22:33:20','2014-12-02 22:52:29'),
	(223,'lvazquez','student','Vazquez','Lillith',0,'lvazquez@uci.edu',0,0,'','',0,NULL,NULL,NULL,NULL,NULL,NULL,NULL,NULL,NULL,'2014-12-02 22:33:20','2014-12-02 22:52:29'),
	(224,'ustuart','student','Stuart','Ursa',0,'ustuart@uci.edu',0,0,'','',0,NULL,NULL,NULL,NULL,NULL,NULL,NULL,NULL,NULL,'2014-12-02 22:33:20','2014-12-02 22:52:29'),
	(225,'omack','student','Mack','Octavius',0,'omack@uci.edu',0,0,'','',0,NULL,NULL,NULL,NULL,NULL,NULL,NULL,NULL,NULL,'2014-12-02 22:33:20','2014-12-02 22:52:29'),
	(226,'kfernandez','student','Fernandez','Kuame',0,'kfernandez@uci.edu',0,0,'','',0,NULL,NULL,NULL,NULL,NULL,NULL,NULL,NULL,NULL,'2014-12-02 22:33:20','2014-12-02 22:52:29'),
	(227,'nalford','student','Alford','Nell',0,'nalford@uci.edu',0,0,'','',0,NULL,NULL,NULL,NULL,NULL,NULL,NULL,NULL,NULL,'2014-12-02 22:33:20','2014-12-02 22:52:29'),
	(228,'mnielsen','student','Nielsen','Mari',0,'mnielsen@uci.edu',0,0,'','',0,NULL,NULL,NULL,NULL,NULL,NULL,NULL,NULL,NULL,'2014-12-02 22:33:20','2014-12-02 22:52:29'),
	(229,'abrewer','student','Brewer','Armando',0,'abrewer@uci.edu',0,0,'','',0,NULL,NULL,NULL,NULL,NULL,NULL,NULL,NULL,NULL,'2014-12-02 22:33:20','2014-12-02 22:52:29'),
	(230,'srowe','student','Rowe','Shelby',0,'srowe@uci.edu',0,0,'','',0,NULL,NULL,NULL,NULL,NULL,NULL,NULL,NULL,NULL,'2014-12-02 22:33:20','2014-12-02 22:52:29'),
	(231,'sdean','student','Dean','Sybill',0,'sdean@uci.edu',0,0,'','',0,NULL,NULL,NULL,NULL,NULL,NULL,NULL,NULL,NULL,'2014-12-02 22:33:20','2014-12-02 22:52:29'),
	(232,'xjacobs','student','Jacobs','Xaviera',0,'xjacobs@uci.edu',0,0,'','',0,NULL,NULL,NULL,NULL,NULL,NULL,NULL,NULL,NULL,'2014-12-02 22:33:20','2014-12-02 22:52:29'),
	(288,'mccurdyw','student','Wally','Mccurdy',0,'mccurdyw@uci.edu',32,42,'','',0,NULL,NULL,NULL,NULL,NULL,NULL,NULL,NULL,NULL,'2014-12-03 00:22:15','2014-12-07 06:17:41'),
	(289,'winesj','student','Jacob','Wines',0,'winesj@uci.edu',32,42,'','',0,NULL,NULL,NULL,NULL,NULL,NULL,NULL,NULL,NULL,'2014-12-03 00:22:15','2014-12-07 06:17:41'),
	(290,'petrovd','student','Petrov','Delian',0,'petrovd@uci.edu',32,42,'','',0,NULL,NULL,NULL,NULL,NULL,NULL,NULL,NULL,NULL,'2014-12-03 00:22:15','2014-12-07 06:17:41'),
	(291,'cmurray','student','Murray','Cailin',0,'cmurray@uci.edu',37200,41,'','',0,NULL,NULL,NULL,NULL,NULL,NULL,NULL,NULL,NULL,'2014-12-03 00:22:15','2014-12-03 00:22:15'),
	(292,'ckirk','student','Kirk','Camille',0,'ckirk@uci.edu',37200,41,'','',0,NULL,NULL,NULL,NULL,NULL,NULL,NULL,NULL,NULL,'2014-12-03 00:22:15','2014-12-03 00:22:15'),
	(293,'cgaines','student','Gaines','Candice',0,'cgaines@uci.edu',37200,41,'','',0,NULL,NULL,NULL,NULL,NULL,NULL,NULL,NULL,NULL,'2014-12-03 00:22:15','2014-12-03 00:22:15'),
	(294,'btyler','student','Tyler','Blair',0,'btyler@uci.edu',37200,41,'','',0,NULL,NULL,NULL,NULL,NULL,NULL,NULL,NULL,NULL,'2014-12-03 00:22:15','2014-12-03 00:22:15'),
	(295,'astuart','student','Stuart','Amy',0,'astuart@uci.edu',37200,41,'','',0,NULL,NULL,NULL,NULL,NULL,NULL,NULL,NULL,NULL,'2014-12-03 00:22:15','2014-12-03 00:22:15'),
	(296,'croberson','student','Roberson','Camilla',0,'croberson@uci.edu',37200,41,'','',0,NULL,NULL,NULL,NULL,NULL,NULL,NULL,NULL,NULL,'2014-12-03 00:22:15','2014-12-03 00:22:15'),
	(297,'cjimenez','student','Jimenez','Charde',0,'cjimenez@uci.edu',37200,41,'','',0,NULL,NULL,NULL,NULL,NULL,NULL,NULL,NULL,NULL,'2014-12-03 00:22:15','2014-12-03 00:22:15'),
	(298,'jcobb','student','Cobb','Jada',0,'jcobb@uci.edu',37200,41,'','',0,NULL,NULL,NULL,NULL,NULL,NULL,NULL,NULL,NULL,'2014-12-03 00:22:15','2014-12-03 00:22:15'),
	(299,'dduke','student','Duke','Dillon',0,'dduke@uci.edu',37200,41,'','',0,NULL,NULL,NULL,NULL,NULL,NULL,NULL,NULL,NULL,'2014-12-03 00:22:15','2014-12-03 00:22:15'),
	(300,'ustephens','student','Stephens','Uriah',0,'ustephens@uci.edu',37200,41,'','',0,NULL,NULL,NULL,NULL,NULL,NULL,NULL,NULL,NULL,'2014-12-03 00:22:15','2014-12-03 00:22:15'),
	(301,'cmooney','student','Mooney','Cara',0,'cmooney@uci.edu',37200,41,'','',0,NULL,NULL,NULL,NULL,NULL,NULL,NULL,NULL,NULL,'2014-12-03 00:22:15','2014-12-03 00:22:15'),
	(302,'kwilkins','student','Wilkins','Kennan',0,'kwilkins@uci.edu',37200,41,'','',0,NULL,NULL,NULL,NULL,NULL,NULL,NULL,NULL,NULL,'2014-12-03 00:22:15','2014-12-03 00:22:15'),
	(303,'oalbert','student','Albert','Orli',0,'oalbert@uci.edu',37200,41,'','',0,NULL,NULL,NULL,NULL,NULL,NULL,NULL,NULL,NULL,'2014-12-03 00:22:15','2014-12-03 00:22:15'),
	(304,'dnorris','student','Norris','Desirae',0,'dnorris@uci.edu',37200,41,'','',0,NULL,NULL,NULL,NULL,NULL,NULL,NULL,NULL,NULL,'2014-12-03 00:22:15','2014-12-03 00:22:15'),
	(305,'gwilson','student','Wilson','Gay',0,'gwilson@uci.edu',37200,41,'','',0,NULL,NULL,NULL,NULL,NULL,NULL,NULL,NULL,NULL,'2014-12-03 00:22:15','2014-12-03 00:22:15'),
	(306,'clott','student','Lott','Chase',0,'clott@uci.edu',37200,41,'','',0,NULL,NULL,NULL,NULL,NULL,NULL,NULL,NULL,NULL,'2014-12-03 00:22:15','2014-12-03 00:22:15'),
	(307,'dtran','student','Tran','Dalton',0,'dtran@uci.edu',37200,41,'','',0,NULL,NULL,NULL,NULL,NULL,NULL,NULL,NULL,NULL,'2014-12-03 00:22:15','2014-12-03 00:22:15'),
	(308,'bherman','student','Herman','Bo',0,'bherman@uci.edu',37200,41,'','',0,NULL,NULL,NULL,NULL,NULL,NULL,NULL,NULL,NULL,'2014-12-03 00:22:15','2014-12-03 00:22:15'),
	(309,'rgreer','student','Greer','Regina',0,'rgreer@uci.edu',37200,41,'','',0,NULL,NULL,NULL,NULL,NULL,NULL,NULL,NULL,NULL,'2014-12-03 00:22:15','2014-12-03 00:22:15'),
	(310,'cwagner','student','Wagner','Clementine',0,'cwagner@uci.edu',37200,41,'','',0,NULL,NULL,NULL,NULL,NULL,NULL,NULL,NULL,NULL,'2014-12-03 00:22:15','2014-12-03 00:22:15'),
	(311,'nvaldez','student','Valdez','Nash',0,'nvaldez@uci.edu',37200,41,'','',0,NULL,NULL,NULL,NULL,NULL,NULL,NULL,NULL,NULL,'2014-12-03 00:22:15','2014-12-03 00:22:15'),
	(312,'iglass','student','Glass','Ignacia',0,'iglass@uci.edu',37200,41,'','',0,NULL,NULL,NULL,NULL,NULL,NULL,NULL,NULL,NULL,'2014-12-03 00:22:15','2014-12-03 00:22:15'),
	(313,'mgarza','student','Garza','Morgan',0,'mgarza@uci.edu',37200,41,'','',0,NULL,NULL,NULL,NULL,NULL,NULL,NULL,NULL,NULL,'2014-12-03 00:22:15','2014-12-03 00:22:15'),
	(314,'ccraig','student','Craig','Carol',0,'ccraig@uci.edu',37200,41,'','',0,NULL,NULL,NULL,NULL,NULL,NULL,NULL,NULL,NULL,'2014-12-03 00:22:15','2014-12-03 00:22:15'),
	(315,'vkoch','student','Koch','Vaughan',0,'vkoch@uci.edu',37200,41,'','',0,NULL,NULL,NULL,NULL,NULL,NULL,NULL,NULL,NULL,'2014-12-03 00:22:15','2014-12-03 00:22:16'),
	(316,'lgates','student','Gates','Lynn',0,'lgates@uci.edu',37200,41,'','',0,NULL,NULL,NULL,NULL,NULL,NULL,NULL,NULL,NULL,'2014-12-03 00:22:16','2014-12-03 00:22:16'),
	(317,'srasmussen','student','Rasmussen','Susan',0,'srasmussen@uci.edu',37200,41,'','',0,NULL,NULL,NULL,NULL,NULL,NULL,NULL,NULL,NULL,'2014-12-03 00:22:16','2014-12-03 00:22:16'),
	(318,'hcrawford','student','Crawford','Hunter',0,'hcrawford@uci.edu',37200,41,'','',0,NULL,NULL,NULL,NULL,NULL,NULL,NULL,NULL,NULL,'2014-12-03 00:22:16','2014-12-03 00:22:16'),
	(319,'wphillips','student','Phillips','Wallace',0,'wphillips@uci.edu',37200,41,'','',0,NULL,NULL,NULL,NULL,NULL,NULL,NULL,NULL,NULL,'2014-12-03 00:22:16','2014-12-03 00:22:16'),
	(320,'aglover','student','Glover','Audra',0,'aglover@uci.edu',37200,41,'','',0,NULL,NULL,NULL,NULL,NULL,NULL,NULL,NULL,NULL,'2014-12-03 00:22:16','2014-12-03 00:22:16'),
	(321,'jwilliam','student','William','Jack',0,'jwilliam@uci.edu',37200,41,'','',0,NULL,NULL,NULL,NULL,NULL,NULL,NULL,NULL,NULL,'2014-12-03 00:22:16','2014-12-03 00:22:16'),
	(322,'latkinson','student','Atkinson','Lani',0,'latkinson@uci.edu',37200,41,'','',0,NULL,NULL,NULL,NULL,NULL,NULL,NULL,NULL,NULL,'2014-12-03 00:22:16','2014-12-03 00:22:16'),
	(323,'klynch','student','Lynch','Karina',0,'klynch@uci.edu',37200,41,'','',0,NULL,NULL,NULL,NULL,NULL,NULL,NULL,NULL,NULL,'2014-12-03 00:22:16','2014-12-03 00:22:16'),
	(324,'jspencer','student','Spencer','Jakeem',0,'jspencer@uci.edu',37200,41,'','',0,NULL,NULL,NULL,NULL,NULL,NULL,NULL,NULL,NULL,'2014-12-03 00:22:16','2014-12-03 00:22:16'),
	(325,'jgriffith','student','Griffith','Joel',0,'jgriffith@uci.edu',37200,41,'','',0,NULL,NULL,NULL,NULL,NULL,NULL,NULL,NULL,NULL,'2014-12-03 00:22:16','2014-12-03 00:22:16'),
	(326,'cbonner','student','Bonner','Constance',0,'cbonner@uci.edu',37200,41,'','',0,NULL,NULL,NULL,NULL,NULL,NULL,NULL,NULL,NULL,'2014-12-03 00:22:16','2014-12-03 00:22:16'),
	(327,'scaldwell','student','Caldwell','Stone',0,'scaldwell@uci.edu',37200,41,'','',0,NULL,NULL,NULL,NULL,NULL,NULL,NULL,NULL,NULL,'2014-12-03 00:22:16','2014-12-03 00:22:16'),
	(328,'ztillman','student','Tillman','Zeus',0,'ztillman@uci.edu',37200,41,'','',0,NULL,NULL,NULL,NULL,NULL,NULL,NULL,NULL,NULL,'2014-12-03 00:22:16','2014-12-03 00:22:16'),
	(329,'rmcintosh','student','Mcintosh','Renee',0,'rmcintosh@uci.edu',37200,41,'','',0,NULL,NULL,NULL,NULL,NULL,NULL,NULL,NULL,NULL,'2014-12-03 00:22:16','2014-12-03 00:22:16'),
	(330,'kestrada','student','Estrada','Kieran',0,'kestrada@uci.edu',37200,41,'','',0,NULL,NULL,NULL,NULL,NULL,NULL,NULL,NULL,NULL,'2014-12-03 00:22:16','2014-12-03 00:22:16'),
	(331,'zphelps','student','Phelps','Zoe',0,'zphelps@uci.edu',37200,41,'','',0,NULL,NULL,NULL,NULL,NULL,NULL,NULL,NULL,NULL,'2014-12-03 00:22:16','2014-12-03 00:22:16'),
	(332,'imccarty','student','Mccarty','Ignatius',0,'imccarty@uci.edu',37200,41,'','',0,NULL,NULL,NULL,NULL,NULL,NULL,NULL,NULL,NULL,'2014-12-03 00:22:16','2014-12-03 00:22:16'),
	(333,'bcarr','student','Carr','Bert',0,'bcarr@uci.edu',37200,41,'','',0,NULL,NULL,NULL,NULL,NULL,NULL,NULL,NULL,NULL,'2014-12-03 00:22:16','2014-12-03 00:22:16'),
	(334,'rle','student','Le','Roary',0,'rle@uci.edu',37200,41,'','',0,NULL,NULL,NULL,NULL,NULL,NULL,NULL,NULL,NULL,'2014-12-03 00:22:16','2014-12-03 00:22:16'),
	(335,'amullen','student','Mullen','Akeem',0,'amullen@uci.edu',37200,41,'','',0,NULL,NULL,NULL,NULL,NULL,NULL,NULL,NULL,NULL,'2014-12-03 00:22:16','2014-12-03 00:22:16'),
	(336,'jbass','student','Bass','Joseph',0,'jbass@uci.edu',37200,41,'','',0,NULL,NULL,NULL,NULL,NULL,NULL,NULL,NULL,NULL,'2014-12-03 00:22:16','2014-12-03 00:22:16'),
	(337,'fsuarez','student','Suarez','Fatima',0,'fsuarez@uci.edu',37200,41,'','',0,NULL,NULL,NULL,NULL,NULL,NULL,NULL,NULL,NULL,'2014-12-03 00:22:16','2014-12-03 00:22:16'),
	(338,'cwelch','student','Welch','Clinton',0,'cwelch@uci.edu',37200,41,'','',0,NULL,NULL,NULL,NULL,NULL,NULL,NULL,NULL,NULL,'2014-12-03 00:22:16','2014-12-03 00:22:16'),
	(339,'mmorse','student','Morse','Mariam',0,'mmorse@uci.edu',37200,41,'','',0,NULL,NULL,NULL,NULL,NULL,NULL,NULL,NULL,NULL,'2014-12-03 00:22:16','2014-12-03 00:22:16'),
	(340,'kray','student','Ray','Kennedy',0,'kray@uci.edu',37200,41,'','',0,NULL,NULL,NULL,NULL,NULL,NULL,NULL,NULL,NULL,'2014-12-03 00:22:16','2014-12-03 00:22:16'),
	(341,'tgilbert','student','Gilbert','Trevor',0,'tgilbert@uci.edu',37200,41,'','',0,NULL,NULL,NULL,NULL,NULL,NULL,NULL,NULL,NULL,'2014-12-03 00:22:16','2014-12-03 00:22:16'),
	(342,'altschulerd','student','Dillon','Altschuler',0,'altschulerd@uci.edu',37200,41,'','',0,NULL,NULL,NULL,NULL,NULL,NULL,NULL,NULL,NULL,'2014-12-03 00:22:48','2014-12-03 00:22:48'),
	(343,'kaysp','student','Pearly','Kays',0,'kaysp@uci.edu',37200,41,'','',0,NULL,NULL,NULL,NULL,NULL,NULL,NULL,NULL,NULL,'2014-12-03 00:22:48','2014-12-03 00:22:48'),
	(344,'hysmithv','student','Veda','Hysmith',0,'hysmithv@uci.edu',37200,41,'','',0,NULL,NULL,NULL,NULL,NULL,NULL,NULL,NULL,NULL,'2014-12-03 00:22:48','2014-12-03 00:22:48'),
	(345,'willitsf','student','Fanny','Willits',0,'willitsf@uci.edu',37200,41,'','',0,NULL,NULL,NULL,NULL,NULL,NULL,NULL,NULL,NULL,'2014-12-03 00:22:48','2014-12-03 00:22:48'),
	(346,'koehlw','student','Wilburn','Koehl',0,'koehlw@uci.edu',37200,41,'','',0,NULL,NULL,NULL,NULL,NULL,NULL,NULL,NULL,NULL,'2014-12-03 00:22:48','2014-12-03 00:22:48'),
	(347,'sherrowm','student','Myrl','Sherrow',0,'sherrowm@uci.edu',37200,41,'','',0,NULL,NULL,NULL,NULL,NULL,NULL,NULL,NULL,NULL,'2014-12-03 00:22:48','2014-12-03 00:22:48'),
	(348,'moffattt','student','Tasia','Moffatt',0,'moffattt@uci.edu',37200,41,'','',0,NULL,NULL,NULL,NULL,NULL,NULL,NULL,NULL,NULL,'2014-12-03 00:22:48','2014-12-03 00:22:48'),
	(349,'palmern','student','Norris','Palmer',0,'palmern@uci.edu',37200,41,'','',0,NULL,NULL,NULL,NULL,NULL,NULL,NULL,NULL,NULL,'2014-12-03 00:22:48','2014-12-03 00:22:48'),
	(350,'herlihyv','student','Vinita','Herlihy',0,'herlihyv@uci.edu',37200,41,'','',0,NULL,NULL,NULL,NULL,NULL,NULL,NULL,NULL,NULL,'2014-12-03 00:22:48','2014-12-03 00:22:48'),
	(351,'sipesj','student','Janyce','Sipes',0,'sipesj@uci.edu',37200,41,'','',0,NULL,NULL,NULL,NULL,NULL,NULL,NULL,NULL,NULL,'2014-12-03 00:22:48','2014-12-03 00:22:48'),
	(352,'hetzlers','student','Stefany','Hetzler',0,'hetzlers@uci.edu',37200,41,'','',0,NULL,NULL,NULL,NULL,NULL,NULL,NULL,NULL,NULL,'2014-12-03 00:22:48','2014-12-03 00:22:48'),
	(353,'keilh','student','Hallie','Keil',0,'keilh@uci.edu',37200,41,'','',0,NULL,NULL,NULL,NULL,NULL,NULL,NULL,NULL,NULL,'2014-12-03 00:22:48','2014-12-03 00:22:48'),
	(354,'treacyj','student','Joi','Treacy',0,'treacyj@uci.edu',37200,41,'','',0,NULL,NULL,NULL,NULL,NULL,NULL,NULL,NULL,NULL,'2014-12-03 00:22:48','2014-12-03 00:22:48');

/*!40000 ALTER TABLE `users` ENABLE KEYS */;
UNLOCK TABLES;



/*!40111 SET SQL_NOTES=@OLD_SQL_NOTES */;
/*!40101 SET SQL_MODE=@OLD_SQL_MODE */;
/*!40014 SET FOREIGN_KEY_CHECKS=@OLD_FOREIGN_KEY_CHECKS */;
/*!40101 SET CHARACTER_SET_CLIENT=@OLD_CHARACTER_SET_CLIENT */;
/*!40101 SET CHARACTER_SET_RESULTS=@OLD_CHARACTER_SET_RESULTS */;
/*!40101 SET COLLATION_CONNECTION=@OLD_COLLATION_CONNECTION */;
